Workbook

Sheet Szenarien
A1: Szenario | B1: Kosten | C1: Support | D1: Migrationsaufwand | E1: Skalierbarkeit | F1: Hochverfügbarkeit | G1: Multi-Cloud-Fähigkeit | H1: Storage-Features | I1: Unified Storage | J1: Benutzerfreundlichkeit | K1: Automatisierbarkeit | L1: Summe | M1: Mittel | N1: Kommentar
A2: 1 | B2: 50 | C2: 5 | D2: 0 | E2: 15 | F2: 10 | G2: 0 | H2: 5 | I2: 0 | J2: 10 | K2: 5 | L2: =SUM(B2:K2) -> 100 | M2: =AVERAGE(L2:L6) -> 100
A3: 2 | B3: 15 | C3: 10 | D3: 15 | E3: 5 | F3: 15 | G3: 15 | H3: 5 | I3: 0 | J3: 15 | K3: 5 | L3: =SUM(B3:K3) -> 100
A4: 3 | B4: 15 | C4: 10 | D4: 15 | E4: 5 | F4: 5 | G4: 0 | H4: 15 | I4: 15 | J4: 15 | K4: 5 | L4: =SUM(B4:K4) -> 100
A5: 4 | B5: 10 | C5: 10 | D5: 10 | E5: 10 | F5: 15 | G5: 0 | H5: 15 | I5: 15 | J5: 10 | K5: 5 | L5: =SUM(B5:K5) -> 100
A6: 5 | B6: 5 | C6: 15 | D6: 10 | E6: 10 | F6: 15 | G6: 15 | H6: 10 | I6: 5 | J6: 5 | K6: 10 | L6: =SUM(B6:K6) -> 100 | N6: Alle Kriterien in Nutzung
A7: 0 | B7: 10 | C7: 10 | D7: 10 | E7: 10 | F7: 10 | G7: 10 | H7: 10 | I7: 10 | J7: 10 | K7: 10 | L7: =SUM(B7:K7) -> 100
A9: Ausgeschlossenes Kriterium
A12: In dieser Tabelle bekommen alle Nutzwertanalysen, welche nicht alle Kirterien nutzen, eine eigenes gleichgewichtetets Referenzszenario.

Sheet Lösungen
A1: Kriterium | B1: VMware/Broadcom | C1: Nutanix | D1: Proxmox mit Ceph
A2: Kosten | B2: 1 | C2: 2 | D2: 3
A3: Support | B3: 3 | C3: 3 | D3: 1
A4: Migrationsaufwand | B4: 1 | C4: 3 | D4: 2
A5: Skalierbarkeit | B5: 3 | C5: 3 | D5: 3
A6: Hochverfügbarkeit | B6: 3 | C6: 2 | D6: 2
A7: Hybrid-/Multi-Cloud-Fähigkeit | B7: 3 | C7: 2 | D7: 1
A8: Storage-Features | B8: 2 | C8: 3 | D8: 1
A9: Unified Storage | B9: 2 | C9: 3 | D9: 1
A10: Benutzerfreundlichkeit | B10: 3 | C10: 1 | D10: 2
A11: Automatisierbarkeit | B11: 3 | C11: 1 | D11: 2

Sheet Vorlage
A1: Szenario: | B1: # | C1: VMware/Broadcom | E1: Nutanix | G1: Proxmox mit Ceph
A2: Kriterium | B2: Gewichtung | C2: Bewertung | D2: Score | E2: Bewertung | F2: Score | G2: Bewertung | H2: Score
A3: Kosten | B3: {=INDEX(Szenarien!B:K, $B$1+1, 1)} -> #VALUE! | C3: =Lösungen!B2 -> 1 | D3: =PRODUCT(B3,C3) -> #VALUE! | E3: =Lösungen!C2 -> 2 | F3: =PRODUCT(B3,E3) -> #VALUE! | G3: =Lösungen!D2 -> 3 | H3: =PRODUCT(B3,G3) -> #VALUE!
A4: Support | B4: {=INDEX(Szenarien!B:K, $B$1+1, 2)} -> #VALUE! | C4: =Lösungen!B3 -> 3 | D4: =PRODUCT(B4,C4) -> #VALUE! | E4: =Lösungen!C3 -> 3 | F4: =PRODUCT(B4,E4) -> #VALUE! | G4: =Lösungen!D3 -> 1 | H4: =PRODUCT(B4,G4) -> #VALUE!
A5: Migrationsaufwand | B5: {=INDEX(Szenarien!B:K, $B$1+1, 3)} -> #VALUE! | C5: =Lösungen!B4 -> 1 | D5: =PRODUCT(B5,C5) -> #VALUE! | E5: =Lösungen!C4 -> 3 | F5: =PRODUCT(B5,E5) -> #VALUE! | G5: =Lösungen!D4 -> 2 | H5: =PRODUCT(B5,G5) -> #VALUE!
A6: Skalierbarkeit | B6: {=INDEX(Szenarien!B:K, $B$1+1, 4)} -> #VALUE! | C6: =Lösungen!B5 -> 3 | D6: =PRODUCT(B6,C6) -> #VALUE! | E6: =Lösungen!C5 -> 3 | F6: =PRODUCT(B6,E6) -> #VALUE! | G6: =Lösungen!D5 -> 3 | H6: =PRODUCT(B6,G6) -> #VALUE!
A7: Hochverfügbarkeit | B7: {=INDEX(Szenarien!B:K, $B$1+1, 5)} -> #VALUE! | C7: =Lösungen!B6 -> 3 | D7: =PRODUCT(B7,C7) -> #VALUE! | E7: =Lösungen!C6 -> 2 | F7: =PRODUCT(B7,E7) -> #VALUE! | G7: =Lösungen!D6 -> 2 | H7: =PRODUCT(B7,G7) -> #VALUE!
A8: Hybrid-/Multi-Cloud-Fähigkeit | B8: {=INDEX(Szenarien!B:K, $B$1+1, 6)} -> #VALUE! | C8: =Lösungen!B7 -> 3 | D8: =PRODUCT(B8,C8) -> #VALUE! | E8: =Lösungen!C7 -> 2 | F8: =PRODUCT(B8,E8) -> #VALUE! | G8: =Lösungen!D7 -> 1 | H8: =PRODUCT(B8,G8) -> #VALUE!
A9: Storage-Features | B9: {=INDEX(Szenarien!B:K, $B$1+1, 7)} -> #VALUE! | C9: =Lösungen!B8 -> 2 | D9: =PRODUCT(B9,C9) -> #VALUE! | E9: =Lösungen!C8 -> 3 | F9: =PRODUCT(B9,E9) -> #VALUE! | G9: =Lösungen!D8 -> 1 | H9: =PRODUCT(B9,G9) -> #VALUE!
A10: Unified Storage | B10: {=INDEX(Szenarien!B:K, $B$1+1, 8)} -> #VALUE! | C10: =Lösungen!B9 -> 2 | D10: =PRODUCT(B10,C10) -> #VALUE! | E10: =Lösungen!C9 -> 3 | F10: =PRODUCT(B10,E10) -> #VALUE! | G10: =Lösungen!D9 -> 1 | H10: =PRODUCT(B10,G10) -> #VALUE!
A11: Benutzerfreundlichkeit | B11: {=INDEX(Szenarien!B:K, $B$1+1, 9)} -> #VALUE! | C11: =Lösungen!B10 -> 3 | D11: =PRODUCT(B11,C11) -> #VALUE! | E11: =Lösungen!C10 -> 1 | F11: =PRODUCT(B11,E11) -> #VALUE! | G11: =Lösungen!D10 -> 2 | H11: =PRODUCT(B11,G11) -> #VALUE!
A12: Automatisierbarkeit | B12: {=INDEX(Szenarien!B:K, $B$1+1, 10)} -> #VALUE! | C12: =Lösungen!B11 -> 3 | D12: =PRODUCT(B12,C12) -> #VALUE! | E12: =Lösungen!C11 -> 1 | F12: =PRODUCT(B12,E12) -> #VALUE! | G12: =Lösungen!D11 -> 2 | H12: =PRODUCT(B12,G12) -> #VALUE!
A13: Summe | B13: =SUM(B3:B12) -> #VALUE! | D13: =SUM(D3:D12) -> #VALUE! | F13: =SUM(F3:F12) -> #VALUE! | H13: =SUM(H3:H12) -> #VALUE!
A14: Normiert (0-100) | D14: =(D13-100)/2 -> #VALUE! | F14: =(F13-100)/2 -> #VALUE! | H14: =(H13-100)/2 -> #VALUE!
A15: Rang | D15: =1+(F13>D13)+(H13>D13) -> #VALUE! | F15: =1+(D13>F13)+(H13>F13) -> #VALUE! | H15: =1+(D13>H13)+(F13>H13) -> #VALUE!

Sheet Szenario 1
A1: Szenario: | B1: 1 | C1: VMware/Broadcom | E1: Nutanix | G1: Proxmox mit Ceph
A2: Kriterium | B2: Gewichtung | C2: Bewertung | D2: Score | E2: Bewertung | F2: Score | G2: Bewertung | H2: Score
A3: Kosten | B3: {=INDEX(Szenarien!B:K, $B$1+1, 1)} -> 50 | C3: =Lösungen!B2 -> 1 | D3: =PRODUCT(B3,C3) -> 50 | E3: =Lösungen!C2 -> 2 | F3: =PRODUCT(B3,E3) -> 100 | G3: =Lösungen!D2 -> 3 | H3: =PRODUCT(B3,G3) -> 150
A4: Support | B4: {=INDEX(Szenarien!B:K, $B$1+1, 2)} -> 5 | C4: =Lösungen!B3 -> 3 | D4: =PRODUCT(B4,C4) -> 15 | E4: =Lösungen!C3 -> 3 | F4: =PRODUCT(B4,E4) -> 15 | G4: =Lösungen!D3 -> 1 | H4: =PRODUCT(B4,G4) -> 5
A5: Migrationsaufwand | B5: {=INDEX(Szenarien!B:K, $B$1+1, 3)} -> 0 | C5: =Lösungen!B4 -> 1 | D5: =PRODUCT(B5,C5) -> 0 | E5: =Lösungen!C4 -> 3 | F5: =PRODUCT(B5,E5) -> 0 | G5: =Lösungen!D4 -> 2 | H5: =PRODUCT(B5,G5) -> 0
A6: Skalierbarkeit | B6: {=INDEX(Szenarien!B:K, $B$1+1, 4)} -> 15 | C6: =Lösungen!B5 -> 3 | D6: =PRODUCT(B6,C6) -> 45 | E6: =Lösungen!C5 -> 3 | F6: =PRODUCT(B6,E6) -> 45 | G6: =Lösungen!D5 -> 3 | H6: =PRODUCT(B6,G6) -> 45
A7: Hochverfügbarkeit | B7: {=INDEX(Szenarien!B:K, $B$1+1, 5)} -> 10 | C7: =Lösungen!B6 -> 3 | D7: =PRODUCT(B7,C7) -> 30 | E7: =Lösungen!C6 -> 2 | F7: =PRODUCT(B7,E7) -> 20 | G7: =Lösungen!D6 -> 2 | H7: =PRODUCT(B7,G7) -> 20
A8: Hybrid-/Multi-Cloud-Fähigkeit | B8: {=INDEX(Szenarien!B:K, $B$1+1, 6)} -> 0 | C8: =Lösungen!B7 -> 3 | D8: =PRODUCT(B8,C8) -> 0 | E8: =Lösungen!C7 -> 2 | F8: =PRODUCT(B8,E8) -> 0 | G8: =Lösungen!D7 -> 1 | H8: =PRODUCT(B8,G8) -> 0
A9: Storage-Features | B9: {=INDEX(Szenarien!B:K, $B$1+1, 7)} -> 5 | C9: =Lösungen!B8 -> 2 | D9: =PRODUCT(B9,C9) -> 10 | E9: =Lösungen!C8 -> 3 | F9: =PRODUCT(B9,E9) -> 15 | G9: =Lösungen!D8 -> 1 | H9: =PRODUCT(B9,G9) -> 5
A10: Unified Storage | B10: {=INDEX(Szenarien!B:K, $B$1+1, 8)} -> 0 | C10: =Lösungen!B9 -> 2 | D10: =PRODUCT(B10,C10) -> 0 | E10: =Lösungen!C9 -> 3 | F10: =PRODUCT(B10,E10) -> 0 | G10: =Lösungen!D9 -> 1 | H10: =PRODUCT(B10,G10) -> 0
A11: Benutzerfreundlichkeit | B11: {=INDEX(Szenarien!B:K, $B$1+1, 9)} -> 10 | C11: =Lösungen!B10 -> 3 | D11: =PRODUCT(B11,C11) -> 30 | E11: =Lösungen!C10 -> 1 | F11: =PRODUCT(B11,E11) -> 10 | G11: =Lösungen!D10 -> 2 | H11: =PRODUCT(B11,G11) -> 20
A12: Automatisierbarkeit | B12: {=INDEX(Szenarien!B:K, $B$1+1, 10)} -> 5 | C12: =Lösungen!B11 -> 3 | D12: =PRODUCT(B12,C12) -> 15 | E12: =Lösungen!C11 -> 1 | F12: =PRODUCT(B12,E12) -> 5 | G12: =Lösungen!D11 -> 2 | H12: =PRODUCT(B12,G12) -> 10
A13: Summe | B13: =SUM(B3:B12) -> 100 | D13: =SUM(D3:D12) -> 195 | F13: =SUM(F3:F12) -> 210 | H13: =SUM(H3:H12) -> 255
A14: Normiert (0-100) | D14: =(D13-100)/2 -> 47.5 | F14: =(F13-100)/2 -> 55 | H14: =(H13-100)/2 -> 77.5
A15: Rang | D15: =1+(F13>D13)+(H13>D13) -> 3 | F15: =1+(D13>F13)+(H13>F13) -> 2 | H15: =1+(D13>H13)+(F13>H13) -> 1

Sheet Szenario 1 - Referenz
A1: Szenario: | B1: 6 | C1: VMware/Broadcom | E1: Nutanix | G1: Proxmox mit Ceph
A2: Kriterium | B2: Gewichtung | C2: Bewertung | D2: Score | E2: Bewertung | F2: Score | G2: Bewertung | H2: Score
A3: Kosten | B3: 14.285714 | C3: =Lösungen!B2 -> 1 | D3: =PRODUCT(B3,C3) -> 14.285714 | E3: =Lösungen!C2 -> 2 | F3: =PRODUCT(B3,E3) -> 28.571428 | G3: =Lösungen!D2 -> 3 | H3: =PRODUCT(B3,G3) -> 42.857142
A4: Support | B4: 14.285714 | C4: =Lösungen!B3 -> 3 | D4: =PRODUCT(B4,C4) -> 42.857142 | E4: =Lösungen!C3 -> 3 | F4: =PRODUCT(B4,E4) -> 42.857142 | G4: =Lösungen!D3 -> 1 | H4: =PRODUCT(B4,G4) -> 14.285714
A5: Migrationsaufwand | B5: 0 | C5: =Lösungen!B4 -> 1 | D5: =PRODUCT(B5,C5) -> 0 | E5: =Lösungen!C4 -> 3 | F5: =PRODUCT(B5,E5) -> 0 | G5: =Lösungen!D4 -> 2 | H5: =PRODUCT(B5,G5) -> 0
A6: Skalierbarkeit | B6: 14.285714 | C6: =Lösungen!B5 -> 3 | D6: =PRODUCT(B6,C6) -> 42.857142 | E6: =Lösungen!C5 -> 3 | F6: =PRODUCT(B6,E6) -> 42.857142 | G6: =Lösungen!D5 -> 3 | H6: =PRODUCT(B6,G6) -> 42.857142
A7: Hochverfügbarkeit | B7: 14.285714 | C7: =Lösungen!B6 -> 3 | D7: =PRODUCT(B7,C7) -> 42.857142 | E7: =Lösungen!C6 -> 2 | F7: =PRODUCT(B7,E7) -> 28.571428 | G7: =Lösungen!D6 -> 2 | H7: =PRODUCT(B7,G7) -> 28.571428
A8: Hybrid-/Multi-Cloud-Fähigkeit | B8: 0 | C8: =Lösungen!B7 -> 3 | D8: =PRODUCT(B8,C8) -> 0 | E8: =Lösungen!C7 -> 2 | F8: =PRODUCT(B8,E8) -> 0 | G8: =Lösungen!D7 -> 1 | H8: =PRODUCT(B8,G8) -> 0
A9: Storage-Features | B9: 14.285714 | C9: =Lösungen!B8 -> 2 | D9: =PRODUCT(B9,C9) -> 28.571428 | E9: =Lösungen!C8 -> 3 | F9: =PRODUCT(B9,E9) -> 42.857142 | G9: =Lösungen!D8 -> 1 | H9: =PRODUCT(B9,G9) -> 14.285714
A10: Unified Storage | B10: 0 | C10: =Lösungen!B9 -> 2 | D10: =PRODUCT(B10,C10) -> 0 | E10: =Lösungen!C9 -> 3 | F10: =PRODUCT(B10,E10) -> 0 | G10: =Lösungen!D9 -> 1 | H10: =PRODUCT(B10,G10) -> 0
A11: Benutzerfreundlichkeit | B11: 14.285714 | C11: =Lösungen!B10 -> 3 | D11: =PRODUCT(B11,C11) -> 42.857142 | E11: =Lösungen!C10 -> 1 | F11: =PRODUCT(B11,E11) -> 14.285714 | G11: =Lösungen!D10 -> 2 | H11: =PRODUCT(B11,G11) -> 28.571428
A12: Automatisierbarkeit | B12: 14.285714 | C12: =Lösungen!B11 -> 3 | D12: =PRODUCT(B12,C12) -> 42.857142 | E12: =Lösungen!C11 -> 1 | F12: =PRODUCT(B12,E12) -> 14.285714 | G12: =Lösungen!D11 -> 2 | H12: =PRODUCT(B12,G12) -> 28.571428
A13: Summe | B13: =SUM(B3:B12) -> 99.999998 | D13: =SUM(D3:D12) -> 257.14285 | F13: =SUM(F3:F12) -> 214.28571 | H13: =SUM(H3:H12) -> 200
A14: Normiert (0-100) | D14: =(D13-100)/2 -> 78.571426 | F14: =(F13-100)/2 -> 57.142855 | H14: =(H13-100)/2 -> 49.999998
A15: Rang | D15: =1+(F13>D13)+(H13>D13) -> 1 | F15: =1+(D13>F13)+(H13>F13) -> 2 | H15: =1+(D13>H13)+(F13>H13) -> 3

Sheet Szenario 2
A1: Szenario: | B1: 2 | C1: VMware/Broadcom | E1: Nutanix | G1: Proxmox mit Ceph
A2: Kriterium | B2: Gewichtung | C2: Bewertung | D2: Score | E2: Bewertung | F2: Score | G2: Bewertung | H2: Score
A3: Kosten | B3: {=INDEX(Szenarien!B:K, $B$1+1, 1)} -> 15 | C3: =Lösungen!B2 -> 1 | D3: =PRODUCT(B3,C3) -> 15 | E3: =Lösungen!C2 -> 2 | F3: =PRODUCT(B3,E3) -> 30 | G3: =Lösungen!D2 -> 3 | H3: =PRODUCT(B3,G3) -> 45
A4: Support | B4: {=INDEX(Szenarien!B:K, $B$1+1, 2)} -> 10 | C4: =Lösungen!B3 -> 3 | D4: =PRODUCT(B4,C4) -> 30 | E4: =Lösungen!C3 -> 3 | F4: =PRODUCT(B4,E4) -> 30 | G4: =Lösungen!D3 -> 1 | H4: =PRODUCT(B4,G4) -> 10
A5: Migrationsaufwand | B5: {=INDEX(Szenarien!B:K, $B$1+1, 3)} -> 15 | C5: =Lösungen!B4 -> 1 | D5: =PRODUCT(B5,C5) -> 15 | E5: =Lösungen!C4 -> 3 | F5: =PRODUCT(B5,E5) -> 45 | G5: =Lösungen!D4 -> 2 | H5: =PRODUCT(B5,G5) -> 30
A6: Skalierbarkeit | B6: {=INDEX(Szenarien!B:K, $B$1+1, 4)} -> 5 | C6: =Lösungen!B5 -> 3 | D6: =PRODUCT(B6,C6) -> 15 | E6: =Lösungen!C5 -> 3 | F6: =PRODUCT(B6,E6) -> 15 | G6: =Lösungen!D5 -> 3 | H6: =PRODUCT(B6,G6) -> 15
A7: Hochverfügbarkeit | B7: {=INDEX(Szenarien!B:K, $B$1+1, 5)} -> 15 | C7: =Lösungen!B6 -> 3 | D7: =PRODUCT(B7,C7) -> 45 | E7: =Lösungen!C6 -> 2 | F7: =PRODUCT(B7,E7) -> 30 | G7: =Lösungen!D6 -> 2 | H7: =PRODUCT(B7,G7) -> 30
A8: Hybrid-/Multi-Cloud-Fähigkeit | B8: {=INDEX(Szenarien!B:K, $B$1+1, 6)} -> 15 | C8: =Lösungen!B7 -> 3 | D8: =PRODUCT(B8,C8) -> 45 | E8: =Lösungen!C7 -> 2 | F8: =PRODUCT(B8,E8) -> 30 | G8: =Lösungen!D7 -> 1 | H8: =PRODUCT(B8,G8) -> 15
A9: Storage-Features | B9: {=INDEX(Szenarien!B:K, $B$1+1, 7)} -> 5 | C9: =Lösungen!B8 -> 2 | D9: =PRODUCT(B9,C9) -> 10 | E9: =Lösungen!C8 -> 3 | F9: =PRODUCT(B9,E9) -> 15 | G9: =Lösungen!D8 -> 1 | H9: =PRODUCT(B9,G9) -> 5
A10: Unified Storage | B10: {=INDEX(Szenarien!B:K, $B$1+1, 8)} -> 0 | C10: =Lösungen!B9 -> 2 | D10: =PRODUCT(B10,C10) -> 0 | E10: =Lösungen!C9 -> 3 | F10: =PRODUCT(B10,E10) -> 0 | G10: =Lösungen!D9 -> 1 | H10: =PRODUCT(B10,G10) -> 0
A11: Benutzerfreundlichkeit | B11: {=INDEX(Szenarien!B:K, $B$1+1, 9)} -> 15 | C11: =Lösungen!B10 -> 3 | D11: =PRODUCT(B11,C11) -> 45 | E11: =Lösungen!C10 -> 1 | F11: =PRODUCT(B11,E11) -> 15 | G11: =Lösungen!D10 -> 2 | H11: =PRODUCT(B11,G11) -> 30
A12: Automatisierbarkeit | B12: {=INDEX(Szenarien!B:K, $B$1+1, 10)} -> 5 | C12: =Lösungen!B11 -> 3 | D12: =PRODUCT(B12,C12) -> 15 | E12: =Lösungen!C11 -> 1 | F12: =PRODUCT(B12,E12) -> 5 | G12: =Lösungen!D11 -> 2 | H12: =PRODUCT(B12,G12) -> 10
A13: Summe | B13: =SUM(B3:B12) -> 100 | D13: =SUM(D3:D12) -> 235 | F13: =SUM(F3:F12) -> 215 | H13: =SUM(H3:H12) -> 190
A14: Normiert (0-100) | D14: =(D13-100)/2 -> 67.5 | F14: =(F13-100)/2 -> 57.5 | H14: =(H13-100)/2 -> 45
A15: Rang | D15: =1+(F13>D13)+(H13>D13) -> 1 | F15: =1+(D13>F13)+(H13>F13) -> 2 | H15: =1+(D13>H13)+(F13>H13) -> 3

Sheet Szenario 2 - Referenz
A1: Szenario: | B1: 6 | C1: VMware/Broadcom | E1: Nutanix | G1: Proxmox mit Ceph
A2: Kriterium | B2: Gewichtung | C2: Bewertung | D2: Score | E2: Bewertung | F2: Score | G2: Bewertung | H2: Score
A3: Kosten | B3: 11.111111 | C3: =Lösungen!B2 -> 1 | D3: =PRODUCT(B3,C3) -> 11.111111 | E3: =Lösungen!C2 -> 2 | F3: =PRODUCT(B3,E3) -> 22.222222 | G3: =Lösungen!D2 -> 3 | H3: =PRODUCT(B3,G3) -> 33.333333
A4: Support | B4: 11.111111 | C4: =Lösungen!B3 -> 3 | D4: =PRODUCT(B4,C4) -> 33.333333 | E4: =Lösungen!C3 -> 3 | F4: =PRODUCT(B4,E4) -> 33.333333 | G4: =Lösungen!D3 -> 1 | H4: =PRODUCT(B4,G4) -> 11.111111
A5: Migrationsaufwand | B5: 11.111111 | C5: =Lösungen!B4 -> 1 | D5: =PRODUCT(B5,C5) -> 11.111111 | E5: =Lösungen!C4 -> 3 | F5: =PRODUCT(B5,E5) -> 33.333333 | G5: =Lösungen!D4 -> 2 | H5: =PRODUCT(B5,G5) -> 22.222222
A6: Skalierbarkeit | B6: 11.111111 | C6: =Lösungen!B5 -> 3 | D6: =PRODUCT(B6,C6) -> 33.333333 | E6: =Lösungen!C5 -> 3 | F6: =PRODUCT(B6,E6) -> 33.333333 | G6: =Lösungen!D5 -> 3 | H6: =PRODUCT(B6,G6) -> 33.333333
A7: Hochverfügbarkeit | B7: 11.111111 | C7: =Lösungen!B6 -> 3 | D7: =PRODUCT(B7,C7) -> 33.333333 | E7: =Lösungen!C6 -> 2 | F7: =PRODUCT(B7,E7) -> 22.222222 | G7: =Lösungen!D6 -> 2 | H7: =PRODUCT(B7,G7) -> 22.222222
A8: Hybrid-/Multi-Cloud-Fähigkeit | B8: 11.111111 | C8: =Lösungen!B7 -> 3 | D8: =PRODUCT(B8,C8) -> 33.333333 | E8: =Lösungen!C7 -> 2 | F8: =PRODUCT(B8,E8) -> 22.222222 | G8: =Lösungen!D7 -> 1 | H8: =PRODUCT(B8,G8) -> 11.111111
A9: Storage-Features | B9: 11.111111 | C9: =Lösungen!B8 -> 2 | D9: =PRODUCT(B9,C9) -> 22.222222 | E9: =Lösungen!C8 -> 3 | F9: =PRODUCT(B9,E9) -> 33.333333 | G9: =Lösungen!D8 -> 1 | H9: =PRODUCT(B9,G9) -> 11.111111
A10: Unified Storage | B10: 0 | C10: =Lösungen!B9 -> 2 | D10: =PRODUCT(B10,C10) -> 0 | E10: =Lösungen!C9 -> 3 | F10: =PRODUCT(B10,E10) -> 0 | G10: =Lösungen!D9 -> 1 | H10: =PRODUCT(B10,G10) -> 0
A11: Benutzerfreundlichkeit | B11: 11.111111 | C11: =Lösungen!B10 -> 3 | D11: =PRODUCT(B11,C11) -> 33.333333 | E11: =Lösungen!C10 -> 1 | F11: =PRODUCT(B11,E11) -> 11.111111 | G11: =Lösungen!D10 -> 2 | H11: =PRODUCT(B11,G11) -> 22.222222
A12: Automatisierbarkeit | B12: 11.111111 | C12: =Lösungen!B11 -> 3 | D12: =PRODUCT(B12,C12) -> 33.333333 | E12: =Lösungen!C11 -> 1 | F12: =PRODUCT(B12,E12) -> 11.111111 | G12: =Lösungen!D11 -> 2 | H12: =PRODUCT(B12,G12) -> 22.222222
A13: Summe | B13: =SUM(B3:B12) -> 100 | D13: =SUM(D3:D12) -> 244.44444 | F13: =SUM(F3:F12) -> 222.22222 | H13: =SUM(H3:H12) -> 188.88889
A14: Normiert (0-100) | D14: =(D13-100)/2 -> 72.222222 | F14: =(F13-100)/2 -> 61.111111 | H14: =(H13-100)/2 -> 44.444444
A15: Rang | D15: =1+(F13>D13)+(H13>D13) -> 1 | F15: =1+(D13>F13)+(H13>F13) -> 2 | H15: =1+(D13>H13)+(F13>H13) -> 3

Sheet Szenario 3
A1: Szenario: | B1: 3 | C1: VMware/Broadcom | E1: Nutanix | G1: Proxmox mit Ceph
A2: Kriterium | B2: Gewichtung | C2: Bewertung | D2: Score | E2: Bewertung | F2: Score | G2: Bewertung | H2: Score
A3: Kosten | B3: {=INDEX(Szenarien!B:K, $B$1+1, 1)} -> 15 | C3: =Lösungen!B2 -> 1 | D3: =PRODUCT(B3,C3) -> 15 | E3: =Lösungen!C2 -> 2 | F3: =PRODUCT(B3,E3) -> 30 | G3: =Lösungen!D2 -> 3 | H3: =PRODUCT(B3,G3) -> 45
A4: Support | B4: {=INDEX(Szenarien!B:K, $B$1+1, 2)} -> 10 | C4: =Lösungen!B3 -> 3 | D4: =PRODUCT(B4,C4) -> 30 | E4: =Lösungen!C3 -> 3 | F4: =PRODUCT(B4,E4) -> 30 | G4: =Lösungen!D3 -> 1 | H4: =PRODUCT(B4,G4) -> 10
A5: Migrationsaufwand | B5: {=INDEX(Szenarien!B:K, $B$1+1, 3)} -> 15 | C5: =Lösungen!B4 -> 1 | D5: =PRODUCT(B5,C5) -> 15 | E5: =Lösungen!C4 -> 3 | F5: =PRODUCT(B5,E5) -> 45 | G5: =Lösungen!D4 -> 2 | H5: =PRODUCT(B5,G5) -> 30
A6: Skalierbarkeit | B6: {=INDEX(Szenarien!B:K, $B$1+1, 4)} -> 5 | C6: =Lösungen!B5 -> 3 | D6: =PRODUCT(B6,C6) -> 15 | E6: =Lösungen!C5 -> 3 | F6: =PRODUCT(B6,E6) -> 15 | G6: =Lösungen!D5 -> 3 | H6: =PRODUCT(B6,G6) -> 15
A7: Hochverfügbarkeit | B7: {=INDEX(Szenarien!B:K, $B$1+1, 5)} -> 5 | C7: =Lösungen!B6 -> 3 | D7: =PRODUCT(B7,C7) -> 15 | E7: =Lösungen!C6 -> 2 | F7: =PRODUCT(B7,E7) -> 10 | G7: =Lösungen!D6 -> 2 | H7: =PRODUCT(B7,G7) -> 10
A8: Hybrid-/Multi-Cloud-Fähigkeit | B8: {=INDEX(Szenarien!B:K, $B$1+1, 6)} -> 0 | C8: =Lösungen!B7 -> 3 | D8: =PRODUCT(B8,C8) -> 0 | E8: =Lösungen!C7 -> 2 | F8: =PRODUCT(B8,E8) -> 0 | G8: =Lösungen!D7 -> 1 | H8: =PRODUCT(B8,G8) -> 0
A9: Storage-Features | B9: {=INDEX(Szenarien!B:K, $B$1+1, 7)} -> 15 | C9: =Lösungen!B8 -> 2 | D9: =PRODUCT(B9,C9) -> 30 | E9: =Lösungen!C8 -> 3 | F9: =PRODUCT(B9,E9) -> 45 | G9: =Lösungen!D8 -> 1 | H9: =PRODUCT(B9,G9) -> 15
A10: Unified Storage | B10: {=INDEX(Szenarien!B:K, $B$1+1, 8)} -> 15 | C10: =Lösungen!B9 -> 2 | D10: =PRODUCT(B10,C10) -> 30 | E10: =Lösungen!C9 -> 3 | F10: =PRODUCT(B10,E10) -> 45 | G10: =Lösungen!D9 -> 1 | H10: =PRODUCT(B10,G10) -> 15
A11: Benutzerfreundlichkeit | B11: {=INDEX(Szenarien!B:K, $B$1+1, 9)} -> 15 | C11: =Lösungen!B10 -> 3 | D11: =PRODUCT(B11,C11) -> 45 | E11: =Lösungen!C10 -> 1 | F11: =PRODUCT(B11,E11) -> 15 | G11: =Lösungen!D10 -> 2 | H11: =PRODUCT(B11,G11) -> 30
A12: Automatisierbarkeit | B12: {=INDEX(Szenarien!B:K, $B$1+1, 10)} -> 5 | C12: =Lösungen!B11 -> 3 | D12: =PRODUCT(B12,C12) -> 15 | E12: =Lösungen!C11 -> 1 | F12: =PRODUCT(B12,E12) -> 5 | G12: =Lösungen!D11 -> 2 | H12: =PRODUCT(B12,G12) -> 10
A13: Summe | B13: =SUM(B3:B12) -> 100 | D13: =SUM(D3:D12) -> 210 | F13: =SUM(F3:F12) -> 240 | H13: =SUM(H3:H12) -> 180
A14: Normiert (0-100) | D14: =(D13-100)/2 -> 55 | F14: =(F13-100)/2 -> 70 | H14: =(H13-100)/2 -> 40
A15: Rang | D15: =1+(F13>D13)+(H13>D13) -> 2 | F15: =1+(D13>F13)+(H13>F13) -> 1 | H15: =1+(D13>H13)+(F13>H13) -> 3

Sheet Szenario 3 - Referenz
A1: Szenario: | B1: 6 | C1: VMware/Broadcom | E1: Nutanix | G1: Proxmox mit Ceph
A2: Kriterium | B2: Gewichtung | C2: Bewertung | D2: Score | E2: Bewertung | F2: Score | G2: Bewertung | H2: Score
A3: Kosten | B3: 11.111111 | C3: =Lösungen!B2 -> 1 | D3: =PRODUCT(B3,C3) -> 11.111111 | E3: =Lösungen!C2 -> 2 | F3: =PRODUCT(B3,E3) -> 22.222222 | G3: =Lösungen!D2 -> 3 | H3: =PRODUCT(B3,G3) -> 33.333333
A4: Support | B4: 11.111111 | C4: =Lösungen!B3 -> 3 | D4: =PRODUCT(B4,C4) -> 33.333333 | E4: =Lösungen!C3 -> 3 | F4: =PRODUCT(B4,E4) -> 33.333333 | G4: =Lösungen!D3 -> 1 | H4: =PRODUCT(B4,G4) -> 11.111111
A5: Migrationsaufwand | B5: 11.111111 | C5: =Lösungen!B4 -> 1 | D5: =PRODUCT(B5,C5) -> 11.111111 | E5: =Lösungen!C4 -> 3 | F5: =PRODUCT(B5,E5) -> 33.333333 | G5: =Lösungen!D4 -> 2 | H5: =PRODUCT(B5,G5) -> 22.222222
A6: Skalierbarkeit | B6: 11.111111 | C6: =Lösungen!B5 -> 3 | D6: =PRODUCT(B6,C6) -> 33.333333 | E6: =Lösungen!C5 -> 3 | F6: =PRODUCT(B6,E6) -> 33.333333 | G6: =Lösungen!D5 -> 3 | H6: =PRODUCT(B6,G6) -> 33.333333
A7: Hochverfügbarkeit | B7: 11.111111 | C7: =Lösungen!B6 -> 3 | D7: =PRODUCT(B7,C7) -> 33.333333 | E7: =Lösungen!C6 -> 2 | F7: =PRODUCT(B7,E7) -> 22.222222 | G7: =Lösungen!D6 -> 2 | H7: =PRODUCT(B7,G7) -> 22.222222
A8: Hybrid-/Multi-Cloud-Fähigkeit | B8: 0 | C8: =Lösungen!B7 -> 3 | D8: =PRODUCT(B8,C8) -> 0 | E8: =Lösungen!C7 -> 2 | F8: =PRODUCT(B8,E8) -> 0 | G8: =Lösungen!D7 -> 1 | H8: =PRODUCT(B8,G8) -> 0
A9: Storage-Features | B9: 11.111111 | C9: =Lösungen!B8 -> 2 | D9: =PRODUCT(B9,C9) -> 22.222222 | E9: =Lösungen!C8 -> 3 | F9: =PRODUCT(B9,E9) -> 33.333333 | G9: =Lösungen!D8 -> 1 | H9: =PRODUCT(B9,G9) -> 11.111111
A10: Unified Storage | B10: 11.111111 | C10: =Lösungen!B9 -> 2 | D10: =PRODUCT(B10,C10) -> 22.222222 | E10: =Lösungen!C9 -> 3 | F10: =PRODUCT(B10,E10) -> 33.333333 | G10: =Lösungen!D9 -> 1 | H10: =PRODUCT(B10,G10) -> 11.111111
A11: Benutzerfreundlichkeit | B11: 11.111111 | C11: =Lösungen!B10 -> 3 | D11: =PRODUCT(B11,C11) -> 33.333333 | E11: =Lösungen!C10 -> 1 | F11: =PRODUCT(B11,E11) -> 11.111111 | G11: =Lösungen!D10 -> 2 | H11: =PRODUCT(B11,G11) -> 22.222222
A12: Automatisierbarkeit | B12: 11.111111 | C12: =Lösungen!B11 -> 3 | D12: =PRODUCT(B12,C12) -> 33.333333 | E12: =Lösungen!C11 -> 1 | F12: =PRODUCT(B12,E12) -> 11.111111 | G12: =Lösungen!D11 -> 2 | H12: =PRODUCT(B12,G12) -> 22.222222
A13: Summe | B13: =SUM(B3:B12) -> 100 | D13: =SUM(D3:D12) -> 233.33333 | F13: =SUM(F3:F12) -> 233.33333 | H13: =SUM(H3:H12) -> 188.88889
A14: Normiert (0-100) | D14: =(D13-100)/2 -> 66.666667 | F14: =(F13-100)/2 -> 66.666667 | H14: =(H13-100)/2 -> 44.444444
A15: Rang | D15: =1+(F13>D13)+(H13>D13) -> 1 | F15: =1+(D13>F13)+(H13>F13) -> 1 | H15: =1+(D13>H13)+(F13>H13) -> 3

Sheet Szenario 4
A1: Szenario: | B1: 4 | C1: VMware/Broadcom | E1: Nutanix | G1: Proxmox mit Ceph
A2: Kriterium | B2: Gewichtung | C2: Bewertung | D2: Score | E2: Bewertung | F2: Score | G2: Bewertung | H2: Score
A3: Kosten | B3: {=INDEX(Szenarien!B:K, $B$1+1, 1)} -> 10 | C3: =Lösungen!B2 -> 1 | D3: =PRODUCT(B3,C3) -> 10 | E3: =Lösungen!C2 -> 2 | F3: =PRODUCT(B3,E3) -> 20 | G3: =Lösungen!D2 -> 3 | H3: =PRODUCT(B3,G3) -> 30
A4: Support | B4: {=INDEX(Szenarien!B:K, $B$1+1, 2)} -> 10 | C4: =Lösungen!B3 -> 3 | D4: =PRODUCT(B4,C4) -> 30 | E4: =Lösungen!C3 -> 3 | F4: =PRODUCT(B4,E4) -> 30 | G4: =Lösungen!D3 -> 1 | H4: =PRODUCT(B4,G4) -> 10
A5: Migrationsaufwand | B5: {=INDEX(Szenarien!B:K, $B$1+1, 3)} -> 10 | C5: =Lösungen!B4 -> 1 | D5: =PRODUCT(B5,C5) -> 10 | E5: =Lösungen!C4 -> 3 | F5: =PRODUCT(B5,E5) -> 30 | G5: =Lösungen!D4 -> 2 | H5: =PRODUCT(B5,G5) -> 20
A6: Skalierbarkeit | B6: {=INDEX(Szenarien!B:K, $B$1+1, 4)} -> 10 | C6: =Lösungen!B5 -> 3 | D6: =PRODUCT(B6,C6) -> 30 | E6: =Lösungen!C5 -> 3 | F6: =PRODUCT(B6,E6) -> 30 | G6: =Lösungen!D5 -> 3 | H6: =PRODUCT(B6,G6) -> 30
A7: Hochverfügbarkeit | B7: {=INDEX(Szenarien!B:K, $B$1+1, 5)} -> 15 | C7: =Lösungen!B6 -> 3 | D7: =PRODUCT(B7,C7) -> 45 | E7: =Lösungen!C6 -> 2 | F7: =PRODUCT(B7,E7) -> 30 | G7: =Lösungen!D6 -> 2 | H7: =PRODUCT(B7,G7) -> 30
A8: Hybrid-/Multi-Cloud-Fähigkeit | B8: {=INDEX(Szenarien!B:K, $B$1+1, 6)} -> 0 | C8: =Lösungen!B7 -> 3 | D8: =PRODUCT(B8,C8) -> 0 | E8: =Lösungen!C7 -> 2 | F8: =PRODUCT(B8,E8) -> 0 | G8: =Lösungen!D7 -> 1 | H8: =PRODUCT(B8,G8) -> 0
A9: Storage-Features | B9: {=INDEX(Szenarien!B:K, $B$1+1, 7)} -> 15 | C9: =Lösungen!B8 -> 2 | D9: =PRODUCT(B9,C9) -> 30 | E9: =Lösungen!C8 -> 3 | F9: =PRODUCT(B9,E9) -> 45 | G9: =Lösungen!D8 -> 1 | H9: =PRODUCT(B9,G9) -> 15
A10: Unified Storage | B10: {=INDEX(Szenarien!B:K, $B$1+1, 8)} -> 15 | C10: =Lösungen!B9 -> 2 | D10: =PRODUCT(B10,C10) -> 30 | E10: =Lösungen!C9 -> 3 | F10: =PRODUCT(B10,E10) -> 45 | G10: =Lösungen!D9 -> 1 | H10: =PRODUCT(B10,G10) -> 15
A11: Benutzerfreundlichkeit | B11: {=INDEX(Szenarien!B:K, $B$1+1, 9)} -> 10 | C11: =Lösungen!B10 -> 3 | D11: =PRODUCT(B11,C11) -> 30 | E11: =Lösungen!C10 -> 1 | F11: =PRODUCT(B11,E11) -> 10 | G11: =Lösungen!D10 -> 2 | H11: =PRODUCT(B11,G11) -> 20
A12: Automatisierbarkeit | B12: {=INDEX(Szenarien!B:K, $B$1+1, 10)} -> 5 | C12: =Lösungen!B11 -> 3 | D12: =PRODUCT(B12,C12) -> 15 | E12: =Lösungen!C11 -> 1 | F12: =PRODUCT(B12,E12) -> 5 | G12: =Lösungen!D11 -> 2 | H12: =PRODUCT(B12,G12) -> 10
A13: Summe | B13: =SUM(B3:B12) -> 100 | D13: =SUM(D3:D12) -> 230 | F13: =SUM(F3:F12) -> 245 | H13: =SUM(H3:H12) -> 180
A14: Normiert (0-100) | D14: =(D13-100)/2 -> 65 | F14: =(F13-100)/2 -> 72.5 | H14: =(H13-100)/2 -> 40
A15: Rang | D15: =1+(F13>D13)+(H13>D13) -> 2 | F15: =1+(D13>F13)+(H13>F13) -> 1 | H15: =1+(D13>H13)+(F13>H13) -> 3

Sheet Szenario 4 - Referenz
A1: Szenario: | B1: 6 | C1: VMware/Broadcom | E1: Nutanix | G1: Proxmox mit Ceph
A2: Kriterium | B2: Gewichtung | C2: Bewertung | D2: Score | E2: Bewertung | F2: Score | G2: Bewertung | H2: Score
A3: Kosten | B3: 11.111111 | C3: =Lösungen!B2 -> 1 | D3: =PRODUCT(B3,C3) -> 11.111111 | E3: =Lösungen!C2 -> 2 | F3: =PRODUCT(B3,E3) -> 22.222222 | G3: =Lösungen!D2 -> 3 | H3: =PRODUCT(B3,G3) -> 33.333333
A4: Support | B4: 11.111111 | C4: =Lösungen!B3 -> 3 | D4: =PRODUCT(B4,C4) -> 33.333333 | E4: =Lösungen!C3 -> 3 | F4: =PRODUCT(B4,E4) -> 33.333333 | G4: =Lösungen!D3 -> 1 | H4: =PRODUCT(B4,G4) -> 11.111111
A5: Migrationsaufwand | B5: 11.111111 | C5: =Lösungen!B4 -> 1 | D5: =PRODUCT(B5,C5) -> 11.111111 | E5: =Lösungen!C4 -> 3 | F5: =PRODUCT(B5,E5) -> 33.333333 | G5: =Lösungen!D4 -> 2 | H5: =PRODUCT(B5,G5) -> 22.222222
A6: Skalierbarkeit | B6: 11.111111 | C6: =Lösungen!B5 -> 3 | D6: =PRODUCT(B6,C6) -> 33.333333 | E6: =Lösungen!C5 -> 3 | F6: =PRODUCT(B6,E6) -> 33.333333 | G6: =Lösungen!D5 -> 3 | H6: =PRODUCT(B6,G6) -> 33.333333
A7: Hochverfügbarkeit | B7: 11.111111 | C7: =Lösungen!B6 -> 3 | D7: =PRODUCT(B7,C7) -> 33.333333 | E7: =Lösungen!C6 -> 2 | F7: =PRODUCT(B7,E7) -> 22.222222 | G7: =Lösungen!D6 -> 2 | H7: =PRODUCT(B7,G7) -> 22.222222
A8: Hybrid-/Multi-Cloud-Fähigkeit | B8: 0 | C8: =Lösungen!B7 -> 3 | D8: =PRODUCT(B8,C8) -> 0 | E8: =Lösungen!C7 -> 2 | F8: =PRODUCT(B8,E8) -> 0 | G8: =Lösungen!D7 -> 1 | H8: =PRODUCT(B8,G8) -> 0
A9: Storage-Features | B9: 11.111111 | C9: =Lösungen!B8 -> 2 | D9: =PRODUCT(B9,C9) -> 22.222222 | E9: =Lösungen!C8 -> 3 | F9: =PRODUCT(B9,E9) -> 33.333333 | G9: =Lösungen!D8 -> 1 | H9: =PRODUCT(B9,G9) -> 11.111111
A10: Unified Storage | B10: 11.111111 | C10: =Lösungen!B9 -> 2 | D10: =PRODUCT(B10,C10) -> 22.222222 | E10: =Lösungen!C9 -> 3 | F10: =PRODUCT(B10,E10) -> 33.333333 | G10: =Lösungen!D9 -> 1 | H10: =PRODUCT(B10,G10) -> 11.111111
A11: Benutzerfreundlichkeit | B11: 11.111111 | C11: =Lösungen!B10 -> 3 | D11: =PRODUCT(B11,C11) -> 33.333333 | E11: =Lösungen!C10 -> 1 | F11: =PRODUCT(B11,E11) -> 11.111111 | G11: =Lösungen!D10 -> 2 | H11: =PRODUCT(B11,G11) -> 22.222222
A12: Automatisierbarkeit | B12: 11.111111 | C12: =Lösungen!B11 -> 3 | D12: =PRODUCT(B12,C12) -> 33.333333 | E12: =Lösungen!C11 -> 1 | F12: =PRODUCT(B12,E12) -> 11.111111 | G12: =Lösungen!D11 -> 2 | H12: =PRODUCT(B12,G12) -> 22.222222
A13: Summe | B13: =SUM(B3:B12) -> 100 | D13: =SUM(D3:D12) -> 233.33333 | F13: =SUM(F3:F12) -> 233.33333 | H13: =SUM(H3:H12) -> 188.88889
A14: Normiert (0-100) | D14: =(D13-100)/2 -> 66.666667 | F14: =(F13-100)/2 -> 66.666667 | H14: =(H13-100)/2 -> 44.444444
A15: Rang | D15: =1+(F13>D13)+(H13>D13) -> 1 | F15: =1+(D13>F13)+(H13>F13) -> 1 | H15: =1+(D13>H13)+(F13>H13) -> 3

Sheet Szenario 5
A1: Szenario: | B1: 5 | C1: VMware/Broadcom | E1: Nutanix | G1: Proxmox mit Ceph
A2: Kriterium | B2: Gewichtung | C2: Bewertung | D2: Score | E2: Bewertung | F2: Score | G2: Bewertung | H2: Score
A3: Kosten | B3: {=INDEX(Szenarien!B:K, $B$1+1, 1)} -> 5 | C3: =Lösungen!B2 -> 1 | D3: =PRODUCT(B3,C3) -> 5 | E3: =Lösungen!C2 -> 2 | F3: =PRODUCT(B3,E3) -> 10 | G3: =Lösungen!D2 -> 3 | H3: =PRODUCT(B3,G3) -> 15
A4: Support | B4: {=INDEX(Szenarien!B:K, $B$1+1, 2)} -> 15 | C4: =Lösungen!B3 -> 3 | D4: =PRODUCT(B4,C4) -> 45 | E4: =Lösungen!C3 -> 3 | F4: =PRODUCT(B4,E4) -> 45 | G4: =Lösungen!D3 -> 1 | H4: =PRODUCT(B4,G4) -> 15
A5: Migrationsaufwand | B5: {=INDEX(Szenarien!B:K, $B$1+1, 3)} -> 10 | C5: =Lösungen!B4 -> 1 | D5: =PRODUCT(B5,C5) -> 10 | E5: =Lösungen!C4 -> 3 | F5: =PRODUCT(B5,E5) -> 30 | G5: =Lösungen!D4 -> 2 | H5: =PRODUCT(B5,G5) -> 20
A6: Skalierbarkeit | B6: {=INDEX(Szenarien!B:K, $B$1+1, 4)} -> 10 | C6: =Lösungen!B5 -> 3 | D6: =PRODUCT(B6,C6) -> 30 | E6: =Lösungen!C5 -> 3 | F6: =PRODUCT(B6,E6) -> 30 | G6: =Lösungen!D5 -> 3 | H6: =PRODUCT(B6,G6) -> 30
A7: Hochverfügbarkeit | B7: {=INDEX(Szenarien!B:K, $B$1+1, 5)} -> 15 | C7: =Lösungen!B6 -> 3 | D7: =PRODUCT(B7,C7) -> 45 | E7: =Lösungen!C6 -> 2 | F7: =PRODUCT(B7,E7) -> 30 | G7: =Lösungen!D6 -> 2 | H7: =PRODUCT(B7,G7) -> 30
A8: Hybrid-/Multi-Cloud-Fähigkeit | B8: {=INDEX(Szenarien!B:K, $B$1+1, 6)} -> 15 | C8: =Lösungen!B7 -> 3 | D8: =PRODUCT(B8,C8) -> 45 | E8: =Lösungen!C7 -> 2 | F8: =PRODUCT(B8,E8) -> 30 | G8: =Lösungen!D7 -> 1 | H8: =PRODUCT(B8,G8) -> 15
A9: Storage-Features | B9: {=INDEX(Szenarien!B:K, $B$1+1, 7)} -> 10 | C9: =Lösungen!B8 -> 2 | D9: =PRODUCT(B9,C9) -> 20 | E9: =Lösungen!C8 -> 3 | F9: =PRODUCT(B9,E9) -> 30 | G9: =Lösungen!D8 -> 1 | H9: =PRODUCT(B9,G9) -> 10
A10: Unified Storage | B10: {=INDEX(Szenarien!B:K, $B$1+1, 8)} -> 5 | C10: =Lösungen!B9 -> 2 | D10: =PRODUCT(B10,C10) -> 10 | E10: =Lösungen!C9 -> 3 | F10: =PRODUCT(B10,E10) -> 15 | G10: =Lösungen!D9 -> 1 | H10: =PRODUCT(B10,G10) -> 5
A11: Benutzerfreundlichkeit | B11: {=INDEX(Szenarien!B:K, $B$1+1, 9)} -> 5 | C11: =Lösungen!B10 -> 3 | D11: =PRODUCT(B11,C11) -> 15 | E11: =Lösungen!C10 -> 1 | F11: =PRODUCT(B11,E11) -> 5 | G11: =Lösungen!D10 -> 2 | H11: =PRODUCT(B11,G11) -> 10
A12: Automatisierbarkeit | B12: {=INDEX(Szenarien!B:K, $B$1+1, 10)} -> 10 | C12: =Lösungen!B11 -> 3 | D12: =PRODUCT(B12,C12) -> 30 | E12: =Lösungen!C11 -> 1 | F12: =PRODUCT(B12,E12) -> 10 | G12: =Lösungen!D11 -> 2 | H12: =PRODUCT(B12,G12) -> 20
A13: Summe | B13: =SUM(B3:B12) -> 100 | D13: =SUM(D3:D12) -> 255 | F13: =SUM(F3:F12) -> 235 | H13: =SUM(H3:H12) -> 170
A14: Normiert (0-100) | D14: =(D13-100)/2 -> 77.5 | F14: =(F13-100)/2 -> 67.5 | H14: =(H13-100)/2 -> 35
A15: Rang | D15: =1+(F13>D13)+(H13>D13) -> 1 | F15: =1+(D13>F13)+(H13>F13) -> 2 | H15: =1+(D13>H13)+(F13>H13) -> 3

Sheet Szenario 5 - Referenz
A1: Szenario: | B1: 6 | C1: VMware/Broadcom | E1: Nutanix | G1: Proxmox mit Ceph
A2: Kriterium | B2: Gewichtung | C2: Bewertung | D2: Score | E2: Bewertung | F2: Score | G2: Bewertung | H2: Score
A3: Kosten | B3: {=INDEX(Szenarien!B:K, $B$1+1, 1)} -> 10 | C3: =Lösungen!B2 -> 1 | D3: =PRODUCT(B3,C3) -> 10 | E3: =Lösungen!C2 -> 2 | F3: =PRODUCT(B3,E3) -> 20 | G3: =Lösungen!D2 -> 3 | H3: =PRODUCT(B3,G3) -> 30
A4: Support | B4: {=INDEX(Szenarien!B:K, $B$1+1, 2)} -> 10 | C4: =Lösungen!B3 -> 3 | D4: =PRODUCT(B4,C4) -> 30 | E4: =Lösungen!C3 -> 3 | F4: =PRODUCT(B4,E4) -> 30 | G4: =Lösungen!D3 -> 1 | H4: =PRODUCT(B4,G4) -> 10
A5: Migrationsaufwand | B5: {=INDEX(Szenarien!B:K, $B$1+1, 3)} -> 10 | C5: =Lösungen!B4 -> 1 | D5: =PRODUCT(B5,C5) -> 10 | E5: =Lösungen!C4 -> 3 | F5: =PRODUCT(B5,E5) -> 30 | G5: =Lösungen!D4 -> 2 | H5: =PRODUCT(B5,G5) -> 20
A6: Skalierbarkeit | B6: {=INDEX(Szenarien!B:K, $B$1+1, 4)} -> 10 | C6: =Lösungen!B5 -> 3 | D6: =PRODUCT(B6,C6) -> 30 | E6: =Lösungen!C5 -> 3 | F6: =PRODUCT(B6,E6) -> 30 | G6: =Lösungen!D5 -> 3 | H6: =PRODUCT(B6,G6) -> 30
A7: Hochverfügbarkeit | B7: {=INDEX(Szenarien!B:K, $B$1+1, 5)} -> 10 | C7: =Lösungen!B6 -> 3 | D7: =PRODUCT(B7,C7) -> 30 | E7: =Lösungen!C6 -> 2 | F7: =PRODUCT(B7,E7) -> 20 | G7: =Lösungen!D6 -> 2 | H7: =PRODUCT(B7,G7) -> 20
A8: Hybrid-/Multi-Cloud-Fähigkeit | B8: {=INDEX(Szenarien!B:K, $B$1+1, 6)} -> 10 | C8: =Lösungen!B7 -> 3 | D8: =PRODUCT(B8,C8) -> 30 | E8: =Lösungen!C7 -> 2 | F8: =PRODUCT(B8,E8) -> 20 | G8: =Lösungen!D7 -> 1 | H8: =PRODUCT(B8,G8) -> 10
A9: Storage-Features | B9: {=INDEX(Szenarien!B:K, $B$1+1, 7)} -> 10 | C9: =Lösungen!B8 -> 2 | D9: =PRODUCT(B9,C9) -> 20 | E9: =Lösungen!C8 -> 3 | F9: =PRODUCT(B9,E9) -> 30 | G9: =Lösungen!D8 -> 1 | H9: =PRODUCT(B9,G9) -> 10
A10: Unified Storage | B10: {=INDEX(Szenarien!B:K, $B$1+1, 8)} -> 10 | C10: =Lösungen!B9 -> 2 | D10: =PRODUCT(B10,C10) -> 20 | E10: =Lösungen!C9 -> 3 | F10: =PRODUCT(B10,E10) -> 30 | G10: =Lösungen!D9 -> 1 | H10: =PRODUCT(B10,G10) -> 10
A11: Benutzerfreundlichkeit | B11: {=INDEX(Szenarien!B:K, $B$1+1, 9)} -> 10 | C11: =Lösungen!B10 -> 3 | D11: =PRODUCT(B11,C11) -> 30 | E11: =Lösungen!C10 -> 1 | F11: =PRODUCT(B11,E11) -> 10 | G11: =Lösungen!D10 -> 2 | H11: =PRODUCT(B11,G11) -> 20
A12: Automatisierbarkeit | B12: {=INDEX(Szenarien!B:K, $B$1+1, 10)} -> 10 | C12: =Lösungen!B11 -> 3 | D12: =PRODUCT(B12,C12) -> 30 | E12: =Lösungen!C11 -> 1 | F12: =PRODUCT(B12,E12) -> 10 | G12: =Lösungen!D11 -> 2 | H12: =PRODUCT(B12,G12) -> 20
A13: Summe | B13: =SUM(B3:B12) -> 100 | D13: =SUM(D3:D12) -> 240 | F13: =SUM(F3:F12) -> 230 | H13: =SUM(H3:H12) -> 180
A14: Normiert (0-100) | D14: =(D13-100)/2 -> 70 | F14: =(F13-100)/2 -> 65 | H14: =(H13-100)/2 -> 40
A15: Rang | D15: =1+(F13>D13)+(H13>D13) -> 1 | F15: =1+(D13>F13)+(H13>F13) -> 2 | H15: =1+(D13>H13)+(F13>H13) -> 3
