Workbook

Sheet Szenarien
A1: Szenario | B1: Kosten | C1: Support | D1: Migrationsaufwand | E1: Skalierbarkeit | H1: Hochverfügbarkeit | K1: Multi-Cloud-Fähigkeit | L1: Storage-Features | O1: Unified Storage | R1: Benutzerfreundlichkeit | S1: Automatisierbarkeit | T1: Summe | U1: Mittel
E2: Dynamische Skalierung | F2: Minimale Skalierung | G2: Maximale Skalierung | H2: Redundanz | I2: Metro Cluster | J2: VM Level | L2: Dateneffizienz | M2: Datenlokalität | N2: Verschlüsselung | O2: Datei | P2: Block | Q2: Objekt
A3: 1 | B3: 50 | C3: 5 | D3: 0 | E3: 10 | F3: 5 | G3: 0 | H3: 7 | I3: 0 | J3: 3 | K3: 0 | L3: 2.5 | M3: 2.5 | N3: 0 | O3: 0 | P3: 0 | Q3: 0 | R3: 10 | S3: 5 | T3: =SUM(B3:S3) -> 100 | U3: =AVERAGE(T3:T7) -> 100
A4: 2 | B4: 15 | C4: 10 | D4: 15 | E4: 5 | F4: 0 | G4: 0 | H4: 15 | I4: 0 | J4: 0 | K4: 15 | L4: 2.5 | M4: 2.5 | N4: 0 | O4: 0 | P4: 0 | Q4: 0 | R4: 15 | S4: 5 | T4: =SUM(B4:S4) -> 100
A5: 3 | B5: 15 | C5: 10 | D5: 15 | E5: 5 | F5: 0 | G5: 0 | H5: 5 | I5: 0 | J5: 0 | K5: 0 | L5: 5 | M5: 10 | N5: 0 | O5: 0 | P5: 10 | Q5: 5 | R5: 15 | S5: 5 | T5: =SUM(B5:S5) -> 100
A6: 4 | B6: 10 | C6: 10 | D6: 10 | E6: 5 | F6: 0 | G6: 5 | H6: 5 | I6: 10 | J6: 0 | K6: 0 | L6: 5 | M6: 5 | N6: 5 | O6: 10 | P6: 5 | Q6: 0 | R6: 10 | S6: 5 | T6: =SUM(B6:S6) -> 100
A7: 5 | B7: 5 | C7: 15 | D7: 10 | E7: 0 | F7: 0 | G7: 10 | H7: 5 | I7: 0 | J7: 10 | K7: 15 | L7: 0 | M7: 3 | N7: 7 | O7: 0 | P7: 5 | Q7: 0 | R7: 5 | S7: 10 | T7: =SUM(B7:S7) -> 100
A8: 0 | B8: 10 | C8: 10 | D8: 10 | E8: 3.3333333 | F8: 3.3333333 | G8: 3.3333333 | H8: 3.3333333 | I8: 3.3333333 | J8: 3.3333333 | K8: 10 | L8: 3.3333333 | M8: 3.3333333 | N8: 3.3333333 | O8: 3.3333333 | P8: 3.3333333 | Q8: 3.3333333 | R8: 10 | S8: 10 | T8: =SUM(B8:S8) -> 100

Sheet Lösungen
A1: Kriterium | B1: VMware/Broadcom | C1: Nutanix | D1: Proxmox mit Ceph
A2: Kosten | B2: 1 | C2: 2 | D2: 3
A3: Support | B3: 3 | C3: 3 | D3: 1
A4: Migrationsaufwand | B4: 1 | C4: 3 | D4: 2
A5: Skalierbarkeit: Dynamische Skalierung | B5: 3 | C5: 3 | D5: 3
A6: Skalierbarkeit: Minimale Skalierung | B6: 3 | C6: 3 | D6: 3
A7: Skalierbarkeit: Maximale Skalierung | B7: 3 | C7: 3 | D7: 3
A8: Hochverfügbarkeit: Redundanz | B8: 3 | C8: 2 | D8: 2
A9: Hochverfügbarkeit: Metro Cluster | B9: 3 | C9: 3 | D9: 3
A10: Hochverfügbarkeit: VM Level | B10: 3 | C10: 1 | D10: 1
A11: Hybrid-/Multi-Cloud-Fähigkeit | B11: 3 | C11: 2 | D11: 1
A12: Storage-Features: Daten-Effizienz (Erasure Coding / Dedup / Kompression) | B12: 3 | C12: 3 | D12: 2
A13: Storage-Features: Datenlokalität | B13: 3 | C13: 1 | D13: 1
... A19: Automatisierbarkeit | B19: 3 | C19: 1 | D19: 2
A20: Summe | B20: =SUM(B2:B19) -> 47 | C20: =SUM(C2:C19) -> 43 | D20: =SUM(D2:D19) -> 35

Sheet Vorlage
A1: Szenario: | B1: # | C1: VMware/Broadcom | E1: Nutanix | G1: Proxmox mit Ceph
A2: Kriterium | B2: Gewichtung | C2: Bewertung | D2: Score | E2: Bewertung | F2: Score | G2: Bewertung | H2: Score
A3: Kosten | B3: {=INDEX(Szenarien!B:S, $B$1+2, 1)} -> #VALUE! | C3: =Lösungen!B2 -> 1 | D3: =PRODUCT(B3,C3) -> #VALUE! | E3: =Lösungen!C2 -> 2 | F3: =PRODUCT(B3,E3) -> #VALUE! | G3: =Lösungen!D2 -> 3 | H3: =PRODUCT(B3,G3) -> #VALUE!
A4: Support | B4: {=INDEX(Szenarien!B:S, $B$1+2, 2)} -> #VALUE! | C4: =Lösungen!B3 -> 3 | D4: =PRODUCT(B4,C4) -> #VALUE! | E4: =Lösungen!C3 -> 3 | F4: =PRODUCT(B4,E4) -> #VALUE! | G4: =Lösungen!D3 -> 1 | H4: =PRODUCT(B4,G4) -> #VALUE!
A5: Migrationsaufwand | B5: {=INDEX(Szenarien!B:S, $B$1+2, 3)} -> #VALUE! | C5: =Lösungen!B4 -> 1 | D5: =PRODUCT(B5,C5) -> #VALUE! | E5: =Lösungen!C4 -> 3 | F5: =PRODUCT(B5,E5) -> #VALUE! | G5: =Lösungen!D4 -> 2 | H5: =PRODUCT(B5,G5) -> #VALUE!
A6: Skalierbarkeit: Dynamische Skalierung | B6: {=INDEX(Szenarien!B:S, $B$1+2, 4)} -> #VALUE! | C6: =Lösungen!B5 -> 3 | D6: =PRODUCT(B6,C6) -> #VALUE! | E6: =Lösungen!C5 -> 3 | F6: =PRODUCT(B6,E6) -> #VALUE! | G6: =Lösungen!D5 -> 3 | H6: =PRODUCT(B6,G6) -> #VALUE!
A7: Skalierbarkeit: Minimale Skalierung | B7: {=INDEX(Szenarien!B:S, $B$1+2, 5)} -> #VALUE! | C7: =Lösungen!B6 -> 3 | D7: =PRODUCT(B7,C9) -> #VALUE! | E7: =Lösungen!C6 -> 3 | F7: =PRODUCT(B7,E9) -> #VALUE! | G7: =Lösungen!D6 -> 3 | H7: =PRODUCT(B7,G9) -> #VALUE!
A8: Skalierbarkeit: Maximale Skalierung | B8: {=INDEX(Szenarien!B:S, $B$1+2, 6)} -> #VALUE! | C8: =Lösungen!B7 -> 3 | D8: =PRODUCT(B8,C8) -> #VALUE! | E8: =Lösungen!C7 -> 3 | F8: =PRODUCT(B8,E8) -> #VALUE! | G8: =Lösungen!D7 -> 3 | H8: =PRODUCT(B8,G8) -> #VALUE!
A9: Hochverfügbarkeit: Redundanz | B9: {=INDEX(Szenarien!B:S, $B$1+2, 7)} -> #VALUE! | C9: =Lösungen!B8 -> 3 | D9: =PRODUCT(B9,C9) -> #VALUE! | E9: =Lösungen!C8 -> 2 | F9: =PRODUCT(B9,E9) -> #VALUE! | G9: =Lösungen!D8 -> 2 | H9: =PRODUCT(B9,G9) -> #VALUE!
A10: Hochverfügbarkeit: Metro Cluster | B10: {=INDEX(Szenarien!B:S, $B$1+2, 8)} -> #VALUE! | C10: =Lösungen!B9 -> 3 | D10: =PRODUCT(B10,C10) -> #VALUE! | E10: =Lösungen!C9 -> 3 | F10: =PRODUCT(B10,E10) -> #VALUE! | G10: =Lösungen!D9 -> 3 | H10: =PRODUCT(B10,G10) -> #VALUE!
A11: Hochverfügbarkeit: VM Level | B11: {=INDEX(Szenarien!B:S, $B$1+2, 9)} -> #VALUE! | C11: =Lösungen!B10 -> 3 | D11: =PRODUCT(B11,C11) -> #VALUE! | E11: =Lösungen!C10 -> 1 | F11: =PRODUCT(B11,E11) -> #VALUE! | G11: =Lösungen!D10 -> 1 | H11: =PRODUCT(B11,G11) -> #VALUE!
A12: Hybrid-/Multi-Cloud-Fähigkeit | B12: {=INDEX(Szenarien!B:S, $B$1+2, 10)} -> #VALUE! | C12: =Lösungen!B11 -> 3 | D12: =PRODUCT(B12,C16) -> #VALUE! | E12: =Lösungen!C11 -> 2 | F12: =PRODUCT(B12,E16) -> #VALUE! | G12: =Lösungen!D11 -> 1 | H12: =PRODUCT(B12,G16) -> #VALUE!
A13: Storage-Features: Daten-Effizienz | B13: {=INDEX(Szenarien!B:S, $B$1+2, 11)} -> #VALUE! | C13: =Lösungen!B12 -> 3 | D13: =PRODUCT(B13,C13) -> #VALUE! | E13: =Lösungen!C12 -> 3 | F13: =PRODUCT(B13,E13) -> #VALUE! | G13: =Lösungen!D12 -> 2 | H13: =PRODUCT(B13,G13) -> #VALUE!
A14: Storage-Features: Datenlokalität | B14: {=INDEX(Szenarien!B:S, $B$1+2, 12)} -> #VALUE! | C14: =Lösungen!B13 -> 3 | D14: =PRODUCT(B14,C14) -> #VALUE! | E14: =Lösungen!C13 -> 1 | F14: =PRODUCT(B14,E14) -> #VALUE! | G14: =Lösungen!D13 -> 1 | H14: =PRODUCT(B14,G14) -> #VALUE!
A15: Storage-Features: Verschlüsselung | B15: {=INDEX(Szenarien!B:S, $B$1+2, 13)} -> #VALUE! | C15: =Lösungen!B14 -> 3 | D15: =PRODUCT(B15,C15) -> #VALUE! | E15: =Lösungen!C14 -> 3 | F15: =PRODUCT(B15,E15) -> #VALUE! | G15: =Lösungen!D14 -> 3 | H15: =PRODUCT(B15,G15) -> #VALUE!
A16: Unified Storage: Datei | B16: {=INDEX(Szenarien!B:S, $B$1+2, 14)} -> #VALUE! | C16: =Lösungen!B15 -> 3 | D16: =PRODUCT(B16,C16) -> #VALUE! | E16: =Lösungen!C15 -> 3 | F16: =PRODUCT(B16,E16) -> #VALUE! | G16: =Lösungen!D15 -> 1 | H16: =PRODUCT(B16,G16) -> #VALUE!
A17: Unified Storage: Block | B17: {=INDEX(Szenarien!B:S, $B$1+2, 15)} -> #VALUE! | C17: =Lösungen!B16 -> 2 | D17: =PRODUCT(B17,C17) -> #VALUE! | E17: =Lösungen!C16 -> 3 | F17: =PRODUCT(B17,E17) -> #VALUE! | G17: =Lösungen!D16 -> 1 | H17: =PRODUCT(B17,G17) -> #VALUE!
A18: Unified Storage: Objekt | B18: {=INDEX(Szenarien!B:S, $B$1+2, 16)} -> #VALUE! | C18: =Lösungen!B17 -> 1 | D18: =PRODUCT(B18,C20) -> #VALUE! | E18: =Lösungen!C17 -> 3 | F18: =PRODUCT(B18,E20) -> #VALUE! | G18: =Lösungen!D17 -> 1 | H18: =PRODUCT(B18,G20) -> #VALUE!
A19: Benutzerfreundlichkeit | B19: {=INDEX(Szenarien!B:S, $B$1+2, 17)} -> #VALUE! | C19: =Lösungen!B18 -> 3 | D19: =PRODUCT(B19,C19) -> #VALUE! | E19: =Lösungen!C18 -> 1 | F19: =PRODUCT(B19,E19) -> #VALUE! | G19: =Lösungen!D18 -> 2 | H19: =PRODUCT(B19,G19) -> #VALUE!
A20: Automatisierbarkeit | B20: {=INDEX(Szenarien!B:S, $B$1+2, 18)} -> #VALUE! | C20: =Lösungen!B19 -> 3 | D20: =PRODUCT(B20,C20) -> #VALUE! | E20: =Lösungen!C19 -> 1 | F20: =PRODUCT(B20,E20) -> #VALUE! | G20: =Lösungen!D19 -> 2 | H20: =PRODUCT(B20,G20) -> #VALUE!
A21: Summe | B21: =SUM(B3:B20) -> #VALUE! | D21: =SUM(D3:D20) -> #VALUE! | F21: =SUM(F3:F20) -> #VALUE! | H21: =SUM(H3:H20) -> #VALUE!
A22: Normiert (0-100) | D22: 77.5 | F22: 67.5 | H22: 35
A23: Rang | D23: =1+(F21>D21)+(H21>D21) -> #VALUE! | F23: =1+(D21>F21)+(H21>F21) -> #VALUE! | H23: =1+(D21>H21)+(F21>H21) -> #VALUE!

Sheet Szenario 1
A1: Szenario: | B1: 1 | C1: VMware/Broadcom | E1: Nutanix | G1: Proxmox mit Ceph
A2: Kriterium | B2: Gewichtung | C2: Bewertung | D2: Score | E2: Bewertung | F2: Score | G2: Bewertung | H2: Score
A3: Kosten | B3: {=INDEX(Szenarien!B:S, $B$1+2, 1)} -> 50 | C3: =Lösungen!B2 -> 1 | D3: =PRODUCT(B3,C3) -> 50 | E3: =Lösungen!C2 -> 2 | F3: =PRODUCT(B3,E3) -> 100 | G3: =Lösungen!D2 -> 3 | H3: =PRODUCT(B3,G3) -> 150
A4: Support | B4: {=INDEX(Szenarien!B:S, $B$1+2, 2)} -> 5 | C4: =Lösungen!B3 -> 3 | D4: =PRODUCT(B4,C4) -> 15 | E4: =Lösungen!C3 -> 3 | F4: =PRODUCT(B4,E4) -> 15 | G4: =Lösungen!D3 -> 1 | H4: =PRODUCT(B4,G4) -> 5
A5: Migrationsaufwand | B5: {=INDEX(Szenarien!B:S, $B$1+2, 3)} -> 0 | C5: =Lösungen!B4 -> 1 | D5: =PRODUCT(B5,C5) -> 0 | E5: =Lösungen!C4 -> 3 | F5: =PRODUCT(B5,E5) -> 0 | G5: =Lösungen!D4 -> 2 | H5: =PRODUCT(B5,G5) -> 0
A6: Skalierbarkeit: Dynamische Skalierung | B6: {=INDEX(Szenarien!B:S, $B$1+2, 4)} -> 10 | C6: =Lösungen!B5 -> 3 | D6: =PRODUCT(B6,C6) -> 30 | E6: =Lösungen!C5 -> 3 | F6: =PRODUCT(B6,E6) -> 30 | G6: =Lösungen!D5 -> 3 | H6: =PRODUCT(B6,G6) -> 30
A7: Skalierbarkeit: Minimale Skalierung | B7: {=INDEX(Szenarien!B:S, $B$1+2, 5)} -> 5 | C7: =Lösungen!B6 -> 3 | D7: =PRODUCT(B7,C9) -> 15 | E7: =Lösungen!C6 -> 3 | F7: =PRODUCT(B7,E9) -> 10 | G7: =Lösungen!D6 -> 3 | H7: =PRODUCT(B7,G9) -> 10
A8: Skalierbarkeit: Maximale Skalierung | B8: {=INDEX(Szenarien!B:S, $B$1+2, 6)} -> 0 | C8: =Lösungen!B7 -> 3 | D8: =PRODUCT(B8,C8) -> 0 | E8: =Lösungen!C7 -> 3 | F8: =PRODUCT(B8,E8) -> 0 | G8: =Lösungen!D7 -> 3 | H8: =PRODUCT(B8,G8) -> 0
A9: Hochverfügbarkeit: Redundanz | B9: {=INDEX(Szenarien!B:S, $B$1+2, 7)} -> 7 | C9: =Lösungen!B8 -> 3 | D9: =PRODUCT(B9,C9) -> 21 | E9: =Lösungen!C8 -> 2 | F9: =PRODUCT(B9,E9) -> 14 | G9: =Lösungen!D8 -> 2 | H9: =PRODUCT(B9,G9) -> 14
A10: Hochverfügbarkeit: Metro Cluster | B10: {=INDEX(Szenarien!B:S, $B$1+2, 8)} -> 0 | C10: =Lösungen!B9 -> 3 | D10: =PRODUCT(B10,C10) -> 0 | E10: =Lösungen!C9 -> 3 | F10: =PRODUCT(B10,E10) -> 0 | G10: =Lösungen!D9 -> 3 | H10: =PRODUCT(B10,G10) -> 0
A11: Hochverfügbarkeit: VM Level | B11: {=INDEX(Szenarien!B:S, $B$1+2, 9)} -> 3 | C11: =Lösungen!B10 -> 3 | D11: =PRODUCT(B11,C11) -> 9 | E11: =Lösungen!C10 -> 1 | F11: =PRODUCT(B11,E11) -> 3 | G11: =Lösungen!D10 -> 1 | H11: =PRODUCT(B11,G11) -> 3
A12: Hybrid-/Multi-Cloud-Fähigkeit | B12: {=INDEX(Szenarien!B:S, $B$1+2, 10)} -> 0 | C12: =Lösungen!B11 -> 3 | D12: =PRODUCT(B12,C16) -> 0 | E12: =Lösungen!C11 -> 2 | F12: =PRODUCT(B12,E16) -> 0 | G12: =Lösungen!D11 -> 1 | H12: =PRODUCT(B12,G16) -> 0
A13: Storage-Features: Daten-Effizienz | B13: {=INDEX(Szenarien!B:S, $B$1+2, 11)} -> 2.5 | C13: =Lösungen!B12 -> 3 | D13: =PRODUCT(B13,C13) -> 7.5 | E13: =Lösungen!C12 -> 3 | F13: =PRODUCT(B13,E13) -> 7.5 | G13: =Lösungen!D12 -> 2 | H13: =PRODUCT(B13,G13) -> 5
A14: Storage-Features: Datenlokalität | B14: {=INDEX(Szenarien!B:S, $B$1+2, 12)} -> 2.5 | C14: =Lösungen!B13 -> 3 | D14: =PRODUCT(B14,C14) -> 7.5 | E14: =Lösungen!C13 -> 1 | F14: =PRODUCT(B14,E14) -> 2.5 | G14: =Lösungen!D13 -> 1 | H14: =PRODUCT(B14,G14) -> 2.5
A15: Storage-Features: Verschlüsselung | B15: {=INDEX(Szenarien!B:S, $B$1+2, 13)} -> 0 | C15: =Lösungen!B14 -> 3 | D15: =PRODUCT(B15,C15) -> 0 | E15: =Lösungen!C14 -> 3 | F15: =PRODUCT(B15,E15) -> 0 | G15: =Lösungen!D14 -> 3 | H15: =PRODUCT(B15,G15) -> 0
A16: Unified Storage: Datei | B16: {=INDEX(Szenarien!B:S, $B$1+2, 14)} -> 0 | C16: =Lösungen!B15 -> 3 | D16: =PRODUCT(B16,C16) -> 0 | E16: =Lösungen!C15 -> 3 | F16: =PRODUCT(B16,E16) -> 0 | G16: =Lösungen!D15 -> 1 | H16: =PRODUCT(B16,G16) -> 0
A17: Unified Storage: Block | B17: {=INDEX(Szenarien!B:S, $B$1+2, 15)} -> 0 | C17: =Lösungen!B16 -> 2 | D17: =PRODUCT(B17,C17) -> 0 | E17: =Lösungen!C16 -> 3 | F17: =PRODUCT(B17,E17) -> 0 | G17: =Lösungen!D16 -> 1 | H17: =PRODUCT(B17,G17) -> 0
A18: Unified Storage: Objekt | B18: {=INDEX(Szenarien!B:S, $B$1+2, 16)} -> 0 | C18: =Lösungen!B17 -> 1 | D18: =PRODUCT(B18,C20) -> 0 | E18: =Lösungen!C17 -> 3 | F18: =PRODUCT(B18,E20) -> 0 | G18: =Lösungen!D17 -> 1 | H18: =PRODUCT(B18,G20) -> 0
A19: Benutzerfreundlichkeit | B19: {=INDEX(Szenarien!B:S, $B$1+2, 17)} -> 10 | C19: =Lösungen!B18 -> 3 | D19: =PRODUCT(B19,C19) -> 30 | E19: =Lösungen!C18 -> 1 | F19: =PRODUCT(B19,E19) -> 10 | G19: =Lösungen!D18 -> 2 | H19: =PRODUCT(B19,G19) -> 20
A20: Automatisierbarkeit | B20: {=INDEX(Szenarien!B:S, $B$1+2, 18)} -> 5 | C20: =Lösungen!B19 -> 3 | D20: =PRODUCT(B20,C20) -> 15 | E20: =Lösungen!C19 -> 1 | F20: =PRODUCT(B20,E20) -> 5 | G20: =Lösungen!D19 -> 2 | H20: =PRODUCT(B20,G20) -> 10
A21: Summe | B21: =SUM(B3:B20) -> 100 | D21: =SUM(D3:D20) -> 200 | F21: =SUM(F3:F20) -> 197 | H21: =SUM(H3:H20) -> 249.5
A22: Normiert (0-100) | D22: 77.5 | F22: 67.5 | H22: 35
A23: Rang | D23: =1+(F21>D21)+(H21>D21) -> 2 | F23: =1+(D21>F21)+(H21>F21) -> 3 | H23: =1+(D21>H21)+(F21>H21) -> 1

Sheet Szenario 2
A1: Szenario: | B1: 2 | C1: VMware/Broadcom | E1: Nutanix | G1: Proxmox mit Ceph
A2: Kriterium | B2: Gewichtung | C2: Bewertung | D2: Score | E2: Bewertung | F2: Score | G2: Bewertung | H2: Score
A3: Kosten | B3: {=INDEX(Szenarien!B:S, $B$1+2, 1)} -> 15 | C3: =Lösungen!B2 -> 1 | D3: =PRODUCT(B3,C3) -> 15 | E3: =Lösungen!C2 -> 2 | F3: =PRODUCT(B3,E3) -> 30 | G3: =Lösungen!D2 -> 3 | H3: =PRODUCT(B3,G3) -> 45
A4: Support | B4: {=INDEX(Szenarien!B:S, $B$1+2, 2)} -> 10 | C4: =Lösungen!B3 -> 3 | D4: =PRODUCT(B4,C4) -> 30 | E4: =Lösungen!C3 -> 3 | F4: =PRODUCT(B4,E4) -> 30 | G4: =Lösungen!D3 -> 1 | H4: =PRODUCT(B4,G4) -> 10
A5: Migrationsaufwand | B5: {=INDEX(Szenarien!B:S, $B$1+2, 3)} -> 15 | C5: =Lösungen!B4 -> 1 | D5: =PRODUCT(B5,C5) -> 15 | E5: =Lösungen!C4 -> 3 | F5: =PRODUCT(B5,E5) -> 45 | G5: =Lösungen!D4 -> 2 | H5: =PRODUCT(B5,G5) -> 30
A6: Skalierbarkeit: Dynamische Skalierung | B6: {=INDEX(Szenarien!B:S, $B$1+2, 4)} -> 5 | C6: =Lösungen!B5 -> 3 | D6: =PRODUCT(B6,C6) -> 15 | E6: =Lösungen!C5 -> 3 | F6: =PRODUCT(B6,E6) -> 15 | G6: =Lösungen!D5 -> 3 | H6: =PRODUCT(B6,G6) -> 15
A7: Skalierbarkeit: Minimale Skalierung | B7: {=INDEX(Szenarien!B:S, $B$1+2, 5)} -> 0 | C7: =Lösungen!B6 -> 3 | D7: =PRODUCT(B7,C9) -> 0 | E7: =Lösungen!C6 -> 3 | F7: =PRODUCT(B7,E9) -> 0 | G7: =Lösungen!D6 -> 3 | H7: =PRODUCT(B7,G9) -> 0
A8: Skalierbarkeit: Maximale Skalierung | B8: {=INDEX(Szenarien!B:S, $B$1+2, 6)} -> 0 | C8: =Lösungen!B7 -> 3 | D8: =PRODUCT(B8,C8) -> 0 | E8: =Lösungen!C7 -> 3 | F8: =PRODUCT(B8,E8) -> 0 | G8: =Lösungen!D7 -> 3 | H8: =PRODUCT(B8,G8) -> 0
A9: Hochverfügbarkeit: Redundanz | B9: {=INDEX(Szenarien!B:S, $B$1+2, 7)} -> 15 | C9: =Lösungen!B8 -> 3 | D9: =PRODUCT(B9,C9) -> 45 | E9: =Lösungen!C8 -> 2 | F9: =PRODUCT(B9,E9) -> 30 | G9: =Lösungen!D8 -> 2 | H9: =PRODUCT(B9,G9) -> 30
A10: Hochverfügbarkeit: Metro Cluster | B10: {=INDEX(Szenarien!B:S, $B$1+2, 8)} -> 0 | C10: =Lösungen!B9 -> 3 | D10: =PRODUCT(B10,C10) -> 0 | E10: =Lösungen!C9 -> 3 | F10: =PRODUCT(B10,E10) -> 0 | G10: =Lösungen!D9 -> 3 | H10: =PRODUCT(B10,G10) -> 0
A11: Hochverfügbarkeit: VM Level | B11: {=INDEX(Szenarien!B:S, $B$1+2, 9)} -> 0 | C11: =Lösungen!B10 -> 3 | D11: =PRODUCT(B11,C11) -> 0 | E11: =Lösungen!C10 -> 1 | F11: =PRODUCT(B11,E11) -> 0 | G11: =Lösungen!D10 -> 1 | H11: =PRODUCT(B11,G11) -> 0
A12: Hybrid-/Multi-Cloud-Fähigkeit | B12: {=INDEX(Szenarien!B:S, $B$1+2, 10)} -> 15 | C12: =Lösungen!B11 -> 3 | D12: =PRODUCT(B12,C16) -> 45 | E12: =Lösungen!C11 -> 2 | F12: =PRODUCT(B12,E16) -> 45 | G12: =Lösungen!D11 -> 1 | H12: =PRODUCT(B12,G16) -> 15
A13: Storage-Features: Daten-Effizienz | B13: {=INDEX(Szenarien!B:S, $B$1+2, 11)} -> 2.5 | C13: =Lösungen!B12 -> 3 | D13: =PRODUCT(B13,C13) -> 7.5 | E13: =Lösungen!C12 -> 3 | F13: =PRODUCT(B13,E13) -> 7.5 | G13: =Lösungen!D12 -> 2 | H13: =PRODUCT(B13,G13) -> 5
A14: Storage-Features: Datenlokalität | B14: {=INDEX(Szenarien!B:S, $B$1+2, 12)} -> 2.5 | C14: =Lösungen!B13 -> 3 | D14: =PRODUCT(B14,C14) -> 7.5 | E14: =Lösungen!C13 -> 1 | F14: =PRODUCT(B14,E14) -> 2.5 | G14: =Lösungen!D13 -> 1 | H14: =PRODUCT(B14,G14) -> 2.5
A15: Storage-Features: Verschlüsselung | B15: {=INDEX(Szenarien!B:S, $B$1+2, 13)} -> 0 | C15: =Lösungen!B14 -> 3 | D15: =PRODUCT(B15,C15) -> 0 | E15: =Lösungen!C14 -> 3 | F15: =PRODUCT(B15,E15) -> 0 | G15: =Lösungen!D14 -> 3 | H15: =PRODUCT(B15,G15) -> 0
A16: Unified Storage: Datei | B16: {=INDEX(Szenarien!B:S, $B$1+2, 14)} -> 0 | C16: =Lösungen!B15 -> 3 | D16: =PRODUCT(B16,C16) -> 0 | E16: =Lösungen!C15 -> 3 | F16: =PRODUCT(B16,E16) -> 0 | G16: =Lösungen!D15 -> 1 | H16: =PRODUCT(B16,G16) -> 0
A17: Unified Storage: Block | B17: {=INDEX(Szenarien!B:S, $B$1+2, 15)} -> 0 | C17: =Lösungen!B16 -> 2 | D17: =PRODUCT(B17,C17) -> 0 | E17: =Lösungen!C16 -> 3 | F17: =PRODUCT(B17,E17) -> 0 | G17: =Lösungen!D16 -> 1 | H17: =PRODUCT(B17,G17) -> 0
A18: Unified Storage: Objekt | B18: {=INDEX(Szenarien!B:S, $B$1+2, 16)} -> 0 | C18: =Lösungen!B17 -> 1 | D18: =PRODUCT(B18,C20) -> 0 | E18: =Lösungen!C17 -> 3 | F18: =PRODUCT(B18,E20) -> 0 | G18: =Lösungen!D17 -> 1 | H18: =PRODUCT(B18,G20) -> 0
A19: Benutzerfreundlichkeit | B19: {=INDEX(Szenarien!B:S, $B$1+2, 17)} -> 15 | C19: =Lösungen!B18 -> 3 | D19: =PRODUCT(B19,C19) -> 45 | E19: =Lösungen!C18 -> 1 | F19: =PRODUCT(B19,E19) -> 15 | G19: =Lösungen!D18 -> 2 | H19: =PRODUCT(B19,G19) -> 30
A20: Automatisierbarkeit | B20: {=INDEX(Szenarien!B:S, $B$1+2, 18)} -> 5 | C20: =Lösungen!B19 -> 3 | D20: =PRODUCT(B20,C20) -> 15 | E20: =Lösungen!C19 -> 1 | F20: =PRODUCT(B20,E20) -> 5 | G20: =Lösungen!D19 -> 2 | H20: =PRODUCT(B20,G20) -> 10
A21: Summe | B21: =SUM(B3:B20) -> 100 | D21: =SUM(D3:D20) -> 240 | F21: =SUM(F3:F20) -> 225 | H21: =SUM(H3:H20) -> 192.5
A22: Normiert (0-100) | D22: 77.5 | F22: 67.5 | H22: 35
A23: Rang | D23: =1+(F21>D21)+(H21>D21) -> 1 | F23: =1+(D21>F21)+(H21>F21) -> 2 | H23: =1+(D21>H21)+(F21>H21) -> 3

Sheet Szenario 3
A1: Szenario: | B1: 3 | C1: VMware/Broadcom | E1: Nutanix | G1: Proxmox mit Ceph
A2: Kriterium | B2: Gewichtung | C2: Bewertung | D2: Score | E2: Bewertung | F2: Score | G2: Bewertung | H2: Score
A3: Kosten | B3: {=INDEX(Szenarien!B:S, $B$1+2, 1)} -> 15 | C3: =Lösungen!B2 -> 1 | D3: =PRODUCT(B3,C3) -> 15 | E3: =Lösungen!C2 -> 2 | F3: =PRODUCT(B3,E3) -> 30 | G3: =Lösungen!D2 -> 3 | H3: =PRODUCT(B3,G3) -> 45
A4: Support | B4: {=INDEX(Szenarien!B:S, $B$1+2, 2)} -> 10 | C4: =Lösungen!B3 -> 3 | D4: =PRODUCT(B4,C4) -> 30 | E4: =Lösungen!C3 -> 3 | F4: =PRODUCT(B4,E4) -> 30 | G4: =Lösungen!D3 -> 1 | H4: =PRODUCT(B4,G4) -> 10
A5: Migrationsaufwand | B5: {=INDEX(Szenarien!B:S, $B$1+2, 3)} -> 15 | C5: =Lösungen!B4 -> 1 | D5: =PRODUCT(B5,C5) -> 15 | E5: =Lösungen!C4 -> 3 | F5: =PRODUCT(B5,E5) -> 45 | G5: =Lösungen!D4 -> 2 | H5: =PRODUCT(B5,G5) -> 30
A6: Skalierbarkeit: Dynamische Skalierung | B6: {=INDEX(Szenarien!B:S, $B$1+2, 4)} -> 5 | C6: =Lösungen!B5 -> 3 | D6: =PRODUCT(B6,C6) -> 15 | E6: =Lösungen!C5 -> 3 | F6: =PRODUCT(B6,E6) -> 15 | G6: =Lösungen!D5 -> 3 | H6: =PRODUCT(B6,G6) -> 15
A7: Skalierbarkeit: Minimale Skalierung | B7: {=INDEX(Szenarien!B:S, $B$1+2, 5)} -> 0 | C7: =Lösungen!B6 -> 3 | D7: =PRODUCT(B7,C9) -> 0 | E7: =Lösungen!C6 -> 3 | F7: =PRODUCT(B7,E9) -> 0 | G7: =Lösungen!D6 -> 3 | H7: =PRODUCT(B7,G9) -> 0
A8: Skalierbarkeit: Maximale Skalierung | B8: {=INDEX(Szenarien!B:S, $B$1+2, 6)} -> 0 | C8: =Lösungen!B7 -> 3 | D8: =PRODUCT(B8,C8) -> 0 | E8: =Lösungen!C7 -> 3 | F8: =PRODUCT(B8,E8) -> 0 | G8: =Lösungen!D7 -> 3 | H8: =PRODUCT(B8,G8) -> 0
A9: Hochverfügbarkeit: Redundanz | B9: {=INDEX(Szenarien!B:S, $B$1+2, 7)} -> 5 | C9: =Lösungen!B8 -> 3 | D9: =PRODUCT(B9,C9) -> 15 | E9: =Lösungen!C8 -> 2 | F9: =PRODUCT(B9,E9) -> 10 | G9: =Lösungen!D8 -> 2 | H9: =PRODUCT(B9,G9) -> 10
A10: Hochverfügbarkeit: Metro Cluster | B10: {=INDEX(Szenarien!B:S, $B$1+2, 8)} -> 0 | C10: =Lösungen!B9 -> 3 | D10: =PRODUCT(B10,C10) -> 0 | E10: =Lösungen!C9 -> 3 | F10: =PRODUCT(B10,E10) -> 0 | G10: =Lösungen!D9 -> 3 | H10: =PRODUCT(B10,G10) -> 0
A11: Hochverfügbarkeit: VM Level | B11: {=INDEX(Szenarien!B:S, $B$1+2, 9)} -> 0 | C11: =Lösungen!B10 -> 3 | D11: =PRODUCT(B11,C11) -> 0 | E11: =Lösungen!C10 -> 1 | F11: =PRODUCT(B11,E11) -> 0 | G11: =Lösungen!D10 -> 1 | H11: =PRODUCT(B11,G11) -> 0
A12: Hybrid-/Multi-Cloud-Fähigkeit | B12: {=INDEX(Szenarien!B:S, $B$1+2, 10)} -> 0 | C12: =Lösungen!B11 -> 3 | D12: =PRODUCT(B12,C16) -> 0 | E12: =Lösungen!C11 -> 2 | F12: =PRODUCT(B12,E16) -> 0 | G12: =Lösungen!D11 -> 1 | H12: =PRODUCT(B12,G16) -> 0
A13: Storage-Features: Daten-Effizienz | B13: {=INDEX(Szenarien!B:S, $B$1+2, 11)} -> 5 | C13: =Lösungen!B12 -> 3 | D13: =PRODUCT(B13,C13) -> 15 | E13: =Lösungen!C12 -> 3 | F13: =PRODUCT(B13,E13) -> 15 | G13: =Lösungen!D12 -> 2 | H13: =PRODUCT(B13,G13) -> 10
A14: Storage-Features: Datenlokalität | B14: {=INDEX(Szenarien!B:S, $B$1+2, 12)} -> 10 | C14: =Lösungen!B13 -> 3 | D14: =PRODUCT(B14,C14) -> 30 | E14: =Lösungen!C13 -> 1 | F14: =PRODUCT(B14,E14) -> 10 | G14: =Lösungen!D13 -> 1 | H14: =PRODUCT(B14,G14) -> 10
A15: Storage-Features: Verschlüsselung | B15: {=INDEX(Szenarien!B:S, $B$1+2, 13)} -> 0 | C15: =Lösungen!B14 -> 3 | D15: =PRODUCT(B15,C15) -> 0 | E15: =Lösungen!C14 -> 3 | F15: =PRODUCT(B15,E15) -> 0 | G15: =Lösungen!D14 -> 3 | H15: =PRODUCT(B15,G15) -> 0
A16: Unified Storage: Datei | B16: {=INDEX(Szenarien!B:S, $B$1+2, 14)} -> 0 | C16: =Lösungen!B15 -> 3 | D16: =PRODUCT(B16,C16) -> 0 | E16: =Lösungen!C15 -> 3 | F16: =PRODUCT(B16,E16) -> 0 | G16: =Lösungen!D15 -> 1 | H16: =PRODUCT(B16,G16) -> 0
A17: Unified Storage: Block | B17: {=INDEX(Szenarien!B:S, $B$1+2, 15)} -> 10 | C17: =Lösungen!B16 -> 2 | D17: =PRODUCT(B17,C17) -> 20 | E17: =Lösungen!C16 -> 3 | F17: =PRODUCT(B17,E17) -> 30 | G17: =Lösungen!D16 -> 1 | H17: =PRODUCT(B17,G17) -> 10
A18: Unified Storage: Objekt | B18: {=INDEX(Szenarien!B:S, $B$1+2, 16)} -> 5 | C18: =Lösungen!B17 -> 1 | D18: =PRODUCT(B18,C20) -> 15 | E18: =Lösungen!C17 -> 3 | F18: =PRODUCT(B18,E20) -> 5 | G18: =Lösungen!D17 -> 1 | H18: =PRODUCT(B18,G20) -> 10
A19: Benutzerfreundlichkeit | B19: {=INDEX(Szenarien!B:S, $B$1+2, 17)} -> 15 | C19: =Lösungen!B18 -> 3 | D19: =PRODUCT(B19,C19) -> 45 | E19: =Lösungen!C18 -> 1 | F19: =PRODUCT(B19,E19) -> 15 | G19: =Lösungen!D18 -> 2 | H19: =PRODUCT(B19,G19) -> 30
A20: Automatisierbarkeit | B20: {=INDEX(Szenarien!B:S, $B$1+2, 18)} -> 5 | C20: =Lösungen!B19 -> 3 | D20: =PRODUCT(B20,C20) -> 15 | E20: =Lösungen!C19 -> 1 | F20: =PRODUCT(B20,E20) -> 5 | G20: =Lösungen!D19 -> 2 | H20: =PRODUCT(B20,G20) -> 10
A21: Summe | B21: =SUM(B3:B20) -> 100 | D21: =SUM(D3:D20) -> 230 | F21: =SUM(F3:F20) -> 210 | H21: =SUM(H3:H20) -> 190
A22: Normiert (0-100) | D22: 77.5 | F22: 67.5 | H22: 35
A23: Rang | D23: =1+(F21>D21)+(H21>D21) -> 1 | F23: =1+(D21>F21)+(H21>F21) -> 2 | H23: =1+(D21>H21)+(F21>H21) -> 3

Sheet Szenario 4
A1: Szenario: | B1: 4 | C1: VMware/Broadcom | E1: Nutanix | G1: Proxmox mit Ceph
A2: Kriterium | B2: Gewichtung | C2: Bewertung | D2: Score | E2: Bewertung | F2: Score | G2: Bewertung | H2: Score
A3: Kosten | B3: {=INDEX(Szenarien!B:S, $B$1+2, 1)} -> 10 | C3: =Lösungen!B2 -> 1 | D3: =PRODUCT(B3,C3) -> 10 | E3: =Lösungen!C2 -> 2 | F3: =PRODUCT(B3,E3) -> 20 | G3: =Lösungen!D2 -> 3 | H3: =PRODUCT(B3,G3) -> 30
A4: Support | B4: {=INDEX(Szenarien!B:S, $B$1+2, 2)} -> 10 | C4: =Lösungen!B3 -> 3 | D4: =PRODUCT(B4,C4) -> 30 | E4: =Lösungen!C3 -> 3 | F4: =PRODUCT(B4,E4) -> 30 | G4: =Lösungen!D3 -> 1 | H4: =PRODUCT(B4,G4) -> 10
A5: Migrationsaufwand | B5: {=INDEX(Szenarien!B:S, $B$1+2, 3)} -> 10 | C5: =Lösungen!B4 -> 1 | D5: =PRODUCT(B5,C5) -> 10 | E5: =Lösungen!C4 -> 3 | F5: =PRODUCT(B5,E5) -> 30 | G5: =Lösungen!D4 -> 2 | H5: =PRODUCT(B5,G5) -> 20
A6: Skalierbarkeit: Dynamische Skalierung | B6: {=INDEX(Szenarien!B:S, $B$1+2, 4)} -> 5 | C6: =Lösungen!B5 -> 3 | D6: =PRODUCT(B6,C6) -> 15 | E6: =Lösungen!C5 -> 3 | F6: =PRODUCT(B6,E6) -> 15 | G6: =Lösungen!D5 -> 3 | H6: =PRODUCT(B6,G6) -> 15
A7: Skalierbarkeit: Minimale Skalierung | B7: {=INDEX(Szenarien!B:S, $B$1+2, 5)} -> 0 | C7: =Lösungen!B6 -> 3 | D7: =PRODUCT(B7,C9) -> 0 | E7: =Lösungen!C6 -> 3 | F7: =PRODUCT(B7,E9) -> 0 | G7: =Lösungen!D6 -> 3 | H7: =PRODUCT(B7,G9) -> 0
A8: Skalierbarkeit: Maximale Skalierung | B8: {=INDEX(Szenarien!B:S, $B$1+2, 6)} -> 5 | C8: =Lösungen!B7 -> 3 | D8: =PRODUCT(B8,C8) -> 15 | E8: =Lösungen!C7 -> 3 | F8: =PRODUCT(B8,E8) -> 15 | G8: =Lösungen!D7 -> 3 | H8: =PRODUCT(B8,G8) -> 15
A9: Hochverfügbarkeit: Redundanz | B9: {=INDEX(Szenarien!B:S, $B$1+2, 7)} -> 5 | C9: =Lösungen!B8 -> 3 | D9: =PRODUCT(B9,C9) -> 15 | E9: =Lösungen!C8 -> 2 | F9: =PRODUCT(B9,E9) -> 10 | G9: =Lösungen!D8 -> 2 | H9: =PRODUCT(B9,G9) -> 10
A10: Hochverfügbarkeit: Metro Cluster | B10: {=INDEX(Szenarien!B:S, $B$1+2, 8)} -> 10 | C10: =Lösungen!B9 -> 3 | D10: =PRODUCT(B10,C10) -> 30 | E10: =Lösungen!C9 -> 3 | F10: =PRODUCT(B10,E10) -> 30 | G10: =Lösungen!D9 -> 3 | H10: =PRODUCT(B10,G10) -> 30
A11: Hochverfügbarkeit: VM Level | B11: {=INDEX(Szenarien!B:S, $B$1+2, 9)} -> 0 | C11: =Lösungen!B10 -> 3 | D11: =PRODUCT(B11,C11) -> 0 | E11: =Lösungen!C10 -> 1 | F11: =PRODUCT(B11,E11) -> 0 | G11: =Lösungen!D10 -> 1 | H11: =PRODUCT(B11,G11) -> 0
A12: Hybrid-/Multi-Cloud-Fähigkeit | B12: {=INDEX(Szenarien!B:S, $B$1+2, 10)} -> 0 | C12: =Lösungen!B11 -> 3 | D12: =PRODUCT(B12,C16) -> 0 | E12: =Lösungen!C11 -> 2 | F12: =PRODUCT(B12,E16) -> 0 | G12: =Lösungen!D11 -> 1 | H12: =PRODUCT(B12,G16) -> 0
A13: Storage-Features: Daten-Effizienz | B13: {=INDEX(Szenarien!B:S, $B$1+2, 11)} -> 5 | C13: =Lösungen!B12 -> 3 | D13: =PRODUCT(B13,C13) -> 15 | E13: =Lösungen!C12 -> 3 | F13: =PRODUCT(B13,E13) -> 15 | G13: =Lösungen!D12 -> 2 | H13: =PRODUCT(B13,G13) -> 10
A14: Storage-Features: Datenlokalität | B14: {=INDEX(Szenarien!B:S, $B$1+2, 12)} -> 5 | C14: =Lösungen!B13 -> 3 | D14: =PRODUCT(B14,C14) -> 15 | E14: =Lösungen!C13 -> 1 | F14: =PRODUCT(B14,E14) -> 5 | G14: =Lösungen!D13 -> 1 | H14: =PRODUCT(B14,G14) -> 5
A15: Storage-Features: Verschlüsselung | B15: {=INDEX(Szenarien!B:S, $B$1+2, 13)} -> 5 | C15: =Lösungen!B14 -> 3 | D15: =PRODUCT(B15,C15) -> 15 | E15: =Lösungen!C14 -> 3 | F15: =PRODUCT(B15,E15) -> 15 | G15: =Lösungen!D14 -> 3 | H15: =PRODUCT(B15,G15) -> 15
A16: Unified Storage: Datei | B16: {=INDEX(Szenarien!B:S, $B$1+2, 14)} -> 10 | C16: =Lösungen!B15 -> 3 | D16: =PRODUCT(B16,C16) -> 30 | E16: =Lösungen!C15 -> 3 | F16: =PRODUCT(B16,E16) -> 30 | G16: =Lösungen!D15 -> 1 | H16: =PRODUCT(B16,G16) -> 10
A17: Unified Storage: Block | B17: {=INDEX(Szenarien!B:S, $B$1+2, 15)} -> 5 | C17: =Lösungen!B16 -> 2 | D17: =PRODUCT(B17,C17) -> 10 | E17: =Lösungen!C16 -> 3 | F17: =PRODUCT(B17,E17) -> 15 | G17: =Lösungen!D16 -> 1 | H17: =PRODUCT(B17,G17) -> 5
A18: Unified Storage: Objekt | B18: {=INDEX(Szenarien!B:S, $B$1+2, 16)} -> 0 | C18: =Lösungen!B17 -> 1 | D18: =PRODUCT(B18,C20) -> 0 | E18: =Lösungen!C17 -> 3 | F18: =PRODUCT(B18,E20) -> 0 | G18: =Lösungen!D17 -> 1 | H18: =PRODUCT(B18,G20) -> 0
A19: Benutzerfreundlichkeit | B19: {=INDEX(Szenarien!B:S, $B$1+2, 17)} -> 10 | C19: =Lösungen!B18 -> 3 | D19: =PRODUCT(B19,C19) -> 30 | E19: =Lösungen!C18 -> 1 | F19: =PRODUCT(B19,E19) -> 10 | G19: =Lösungen!D18 -> 2 | H19: =PRODUCT(B19,G19) -> 20
A20: Automatisierbarkeit | B20: {=INDEX(Szenarien!B:S, $B$1+2, 18)} -> 5 | C20: =Lösungen!B19 -> 3 | D20: =PRODUCT(B20,C20) -> 15 | E20: =Lösungen!C19 -> 1 | F20: =PRODUCT(B20,E20) -> 5 | G20: =Lösungen!D19 -> 2 | H20: =PRODUCT(B20,G20) -> 10
A21: Summe | B21: =SUM(B3:B20) -> 100 | D21: =SUM(D3:D20) -> 255 | F21: =SUM(F3:F20) -> 245 | H21: =SUM(H3:H20) -> 205
A22: Normiert (0-100) | D22: 77.5 | F22: 67.5 | H22: 35
A23: Rang | D23: =1+(F21>D21)+(H21>D21) -> 1 | F23: =1+(D21>F21)+(H21>F21) -> 2 | H23: =1+(D21>H21)+(F21>H21) -> 3

Sheet Szenario 5
A1: Szenario: | B1: 5 | C1: VMware/Broadcom | E1: Nutanix | G1: Proxmox mit Ceph
A2: Kriterium | B2: Gewichtung | C2: Bewertung | D2: Score | E2: Bewertung | F2: Score | G2: Bewertung | H2: Score
A3: Kosten | B3: {=INDEX(Szenarien!B:S, $B$1+2, 1)} -> 5 | C3: =Lösungen!B2 -> 1 | D3: =PRODUCT(B3,C3) -> 5 | E3: =Lösungen!C2 -> 2 | F3: =PRODUCT(B3,E3) -> 10 | G3: =Lösungen!D2 -> 3 | H3: =PRODUCT(B3,G3) -> 15
A4: Support | B4: {=INDEX(Szenarien!B:S, $B$1+2, 2)} -> 15 | C4: =Lösungen!B3 -> 3 | D4: =PRODUCT(B4,C4) -> 45 | E4: =Lösungen!C3 -> 3 | F4: =PRODUCT(B4,E4) -> 45 | G4: =Lösungen!D3 -> 1 | H4: =PRODUCT(B4,G4) -> 15
A5: Migrationsaufwand | B5: {=INDEX(Szenarien!B:S, $B$1+2, 3)} -> 10 | C5: =Lösungen!B4 -> 1 | D5: =PRODUCT(B5,C5) -> 10 | E5: =Lösungen!C4 -> 3 | F5: =PRODUCT(B5,E5) -> 30 | G5: =Lösungen!D4 -> 2 | H5: =PRODUCT(B5,G5) -> 20
A6: Skalierbarkeit: Dynamische Skalierung | B6: {=INDEX(Szenarien!B:S, $B$1+2, 4)} -> 0 | C6: =Lösungen!B5 -> 3 | D6: =PRODUCT(B6,C6) -> 0 | E6: =Lösungen!C5 -> 3 | F6: =PRODUCT(B6,E6) -> 0 | G6: =Lösungen!D5 -> 3 | H6: =PRODUCT(B6,G6) -> 0
A7: Skalierbarkeit: Minimale Skalierung | B7: {=INDEX(Szenarien!B:S, $B$1+2, 5)} -> 0 | C7: =Lösungen!B6 -> 3 | D7: =PRODUCT(B7,C9) -> 0 | E7: =Lösungen!C6 -> 3 | F7: =PRODUCT(B7,E9) -> 0 | G7: =Lösungen!D6 -> 3 | H7: =PRODUCT(B7,G9) -> 0
A8: Skalierbarkeit: Maximale Skalierung | B8: {=INDEX(Szenarien!B:S, $B$1+2, 6)} -> 10 | C8: =Lösungen!B7 -> 3 | D8: =PRODUCT(B8,C8) -> 30 | E8: =Lösungen!C7 -> 3 | F8: =PRODUCT(B8,E8) -> 30 | G8: =Lösungen!D7 -> 3 | H8: =PRODUCT(B8,G8) -> 30
A9: Hochverfügbarkeit: Redundanz | B9: {=INDEX(Szenarien!B:S, $B$1+2, 7)} -> 5 | C9: =Lösungen!B8 -> 3 | D9: =PRODUCT(B9,C9) -> 15 | E9: =Lösungen!C8 -> 2 | F9: =PRODUCT(B9,E9) -> 10 | G9: =Lösungen!D8 -> 2 | H9: =PRODUCT(B9,G9) -> 10
A10: Hochverfügbarkeit: Metro Cluster | B10: {=INDEX(Szenarien!B:S, $B$1+2, 8)} -> 0 | C10: =Lösungen!B9 -> 3 | D10: =PRODUCT(B10,C10) -> 0 | E10: =Lösungen!C9 -> 3 | F10: =PRODUCT(B10,E10) -> 0 | G10: =Lösungen!D9 -> 3 | H10: =PRODUCT(B10,G10) -> 0
A11: Hochverfügbarkeit: VM Level | B11: {=INDEX(Szenarien!B:S, $B$1+2, 9)} -> 10 | C11: =Lösungen!B10 -> 3 | D11: =PRODUCT(B11,C11) -> 30 | E11: =Lösungen!C10 -> 1 | F11: =PRODUCT(B11,E11) -> 10 | G11: =Lösungen!D10 -> 1 | H11: =PRODUCT(B11,G11) -> 10
A12: Hybrid-/Multi-Cloud-Fähigkeit | B12: {=INDEX(Szenarien!B:S, $B$1+2, 10)} -> 15 | C12: =Lösungen!B11 -> 3 | D12: =PRODUCT(B12,C16) -> 45 | E12: =Lösungen!C11 -> 2 | F12: =PRODUCT(B12,E16) -> 45 | G12: =Lösungen!D11 -> 1 | H12: =PRODUCT(B12,G16) -> 15
A13: Storage-Features: Daten-Effizienz | B13: {=INDEX(Szenarien!B:S, $B$1+2, 11)} -> 0 | C13: =Lösungen!B12 -> 3 | D13: =PRODUCT(B13,C13) -> 0 | E13: =Lösungen!C12 -> 3 | F13: =PRODUCT(B13,E13) -> 0 | G13: =Lösungen!D12 -> 2 | H13: =PRODUCT(B13,G13) -> 0
A14: Storage-Features: Datenlokalität | B14: {=INDEX(Szenarien!B:S, $B$1+2, 12)} -> 3 | C14: =Lösungen!B13 -> 3 | D14: =PRODUCT(B14,C14) -> 9 | E14: =Lösungen!C13 -> 1 | F14: =PRODUCT(B14,E14) -> 3 | G14: =Lösungen!D13 -> 1 | H14: =PRODUCT(B14,G14) -> 3
A15: Storage-Features: Verschlüsselung | B15: {=INDEX(Szenarien!B:S, $B$1+2, 13)} -> 7 | C15: =Lösungen!B14 -> 3 | D15: =PRODUCT(B15,C15) -> 21 | E15: =Lösungen!C14 -> 3 | F15: =PRODUCT(B15,E15) -> 21 | G15: =Lösungen!D14 -> 3 | H15: =PRODUCT(B15,G15) -> 21
A16: Unified Storage: Datei | B16: {=INDEX(Szenarien!B:S, $B$1+2, 14)} -> 0 | C16: =Lösungen!B15 -> 3 | D16: =PRODUCT(B16,C16) -> 0 | E16: =Lösungen!C15 -> 3 | F16: =PRODUCT(B16,E16) -> 0 | G16: =Lösungen!D15 -> 1 | H16: =PRODUCT(B16,G16) -> 0
A17: Unified Storage: Block | B17: {=INDEX(Szenarien!B:S, $B$1+2, 15)} -> 5 | C17: =Lösungen!B16 -> 2 | D17: =PRODUCT(B17,C17) -> 10 | E17: =Lösungen!C16 -> 3 | F17: =PRODUCT(B17,E17) -> 15 | G17: =Lösungen!D16 -> 1 | H17: =PRODUCT(B17,G17) -> 5
A18: Unified Storage: Objekt | B18: {=INDEX(Szenarien!B:S, $B$1+2, 16)} -> 0 | C18: =Lösungen!B17 -> 1 | D18: =PRODUCT(B18,C20) -> 0 | E18: =Lösungen!C17 -> 3 | F18: =PRODUCT(B18,E20) -> 0 | G18: =Lösungen!D17 -> 1 | H18: =PRODUCT(B18,G20) -> 0
A19: Benutzerfreundlichkeit | B19: {=INDEX(Szenarien!B:S, $B$1+2, 17)} -> 5 | C19: =Lösungen!B18 -> 3 | D19: =PRODUCT(B19,C19) -> 15 | E19: =Lösungen!C18 -> 1 | F19: =PRODUCT(B19,E19) -> 5 | G19: =Lösungen!D18 -> 2 | H19: =PRODUCT(B19,G19) -> 10
A20: Automatisierbarkeit | B20: {=INDEX(Szenarien!B:S, $B$1+2, 18)} -> 10 | C20: =Lösungen!B19 -> 3 | D20: =PRODUCT(B20,C20) -> 30 | E20: =Lösungen!C19 -> 1 | F20: =PRODUCT(B20,E20) -> 10 | G20: =Lösungen!D19 -> 2 | H20: =PRODUCT(B20,G20) -> 20
A21: Summe | B21: =SUM(B3:B20) -> 100 | D21: =SUM(D3:D20) -> 265 | F21: =SUM(F3:F20) -> 234 | H21: =SUM(H3:H20) -> 174
A22: Normiert (0-100) | D22: 77.5 | F22: 67.5 | H22: 35
A23: Rang | D23: =1+(F21>D21)+(H21>D21) -> 1 | F23: =1+(D21>F21)+(H21>F21) -> 2 | H23: =1+(D21>H21)+(F21>H21) -> 3

Sheet Szenario 0 - Referenz
A1: Szenario: | B1: 6 | C1: VMware/Broadcom | E1: Nutanix | G1: Proxmox mit Ceph
A2: Kriterium | B2: Gewichtung | C2: Bewertung | D2: Score | E2: Bewertung | F2: Score | G2: Bewertung | H2: Score
A3: Kosten | B3: {=INDEX(Szenarien!B:S, $B$1+2, 1)} -> 10 | C3: =Lösungen!B2 -> 1 | D3: =PRODUCT(B3,C3) -> 10 | E3: =Lösungen!C2 -> 2 | F3: =PRODUCT(B3,E3) -> 20 | G3: =Lösungen!D2 -> 3 | H3: =PRODUCT(B3,G3) -> 30
A4: Support | B4: {=INDEX(Szenarien!B:S, $B$1+2, 2)} -> 10 | C4: =Lösungen!B3 -> 3 | D4: =PRODUCT(B4,C4) -> 30 | E4: =Lösungen!C3 -> 3 | F4: =PRODUCT(B4,E4) -> 30 | G4: =Lösungen!D3 -> 1 | H4: =PRODUCT(B4,G4) -> 10
A5: Migrationsaufwand | B5: {=INDEX(Szenarien!B:S, $B$1+2, 3)} -> 10 | C5: =Lösungen!B4 -> 1 | D5: =PRODUCT(B5,C5) -> 10 | E5: =Lösungen!C4 -> 3 | F5: =PRODUCT(B5,E5) -> 30 | G5: =Lösungen!D4 -> 2 | H5: =PRODUCT(B5,G5) -> 20
A6: Skalierbarkeit: Dynamische Skalierung | B6: {=INDEX(Szenarien!B:S, $B$1+2, 4)} -> 3.3333333 | C6: =Lösungen!B5 -> 3 | D6: =PRODUCT(B6,C6) -> 9.9999999 | E6: =Lösungen!C5 -> 3 | F6: =PRODUCT(B6,E6) -> 9.9999999 | G6: =Lösungen!D5 -> 3 | H6: =PRODUCT(B6,G6) -> 9.9999999
A7: Skalierbarkeit: Minimale Skalierung | B7: {=INDEX(Szenarien!B:S, $B$1+2, 5)} -> 3.3333333 | C7: =Lösungen!B6 -> 3 | D7: =PRODUCT(B7,C9) -> 9.9999999 | E7: =Lösungen!C6 -> 3 | F7: =PRODUCT(B7,E9) -> 6.6666666 | G7: =Lösungen!D6 -> 3 | H7: =PRODUCT(B7,G9) -> 6.6666666
A8: Skalierbarkeit: Maximale Skalierung | B8: {=INDEX(Szenarien!B:S, $B$1+2, 6)} -> 3.3333333 | C8: =Lösungen!B7 -> 3 | D8: =PRODUCT(B8,C8) -> 9.9999999 | E8: =Lösungen!C7 -> 3 | F8: =PRODUCT(B8,E8) -> 9.9999999 | G8: =Lösungen!D7 -> 3 | H8: =PRODUCT(B8,G8) -> 9.9999999
A9: Hochverfügbarkeit: Redundanz | B9: {=INDEX(Szenarien!B:S, $B$1+2, 7)} -> 3.3333333 | C9: =Lösungen!B8 -> 3 | D9: =PRODUCT(B9,C9) -> 9.9999999 | E9: =Lösungen!C8 -> 2 | F9: =PRODUCT(B9,E9) -> 6.6666666 | G9: =Lösungen!D8 -> 2 | H9: =PRODUCT(B9,G9) -> 6.6666666
A10: Hochverfügbarkeit: Metro Cluster | B10: {=INDEX(Szenarien!B:S, $B$1+2, 8)} -> 3.3333333 | C10: =Lösungen!B9 -> 3 | D10: =PRODUCT(B10,C10) -> 9.9999999 | E10: =Lösungen!C9 -> 3 | F10: =PRODUCT(B10,E10) -> 9.9999999 | G10: =Lösungen!D9 -> 3 | H10: =PRODUCT(B10,G10) -> 9.9999999
A11: Hochverfügbarkeit: VM Level | B11: {=INDEX(Szenarien!B:S, $B$1+2, 9)} -> 3.3333333 | C11: =Lösungen!B10 -> 3 | D11: =PRODUCT(B11,C11) -> 9.9999999 | E11: =Lösungen!C10 -> 1 | F11: =PRODUCT(B11,E11) -> 3.3333333 | G11: =Lösungen!D10 -> 1 | H11: =PRODUCT(B11,G11) -> 3.3333333
A12: Hybrid-/Multi-Cloud-Fähigkeit | B12: {=INDEX(Szenarien!B:S, $B$1+2, 10)} -> 10 | C12: =Lösungen!B11 -> 3 | D12: =PRODUCT(B12,C16) -> 30 | E12: =Lösungen!C11 -> 2 | F12: =PRODUCT(B12,E16) -> 30 | G12: =Lösungen!D11 -> 1 | H12: =PRODUCT(B12,G16) -> 10
A13: Storage-Features: Daten-Effizienz | B13: {=INDEX(Szenarien!B:S, $B$1+2, 11)} -> 3.3333333 | C13: =Lösungen!B12 -> 3 | D13: =PRODUCT(B13,C13) -> 9.9999999 | E13: =Lösungen!C12 -> 3 | F13: =PRODUCT(B13,E13) -> 9.9999999 | G13: =Lösungen!D12 -> 2 | H13: =PRODUCT(B13,G13) -> 6.6666666
A14: Storage-Features: Datenlokalität | B14: {=INDEX(Szenarien!B:S, $B$1+2, 12)} -> 3.3333333 | C14: =Lösungen!B13 -> 3 | D14: =PRODUCT(B14,C14) -> 9.9999999 | E14: =Lösungen!C13 -> 1 | F14: =PRODUCT(B14,E14) -> 3.3333333 | G14: =Lösungen!D13 -> 1 | H14: =PRODUCT(B14,G14) -> 3.3333333
A15: Storage-Features: Verschlüsselung | B15: {=INDEX(Szenarien!B:S, $B$1+2, 13)} -> 3.3333333 | C15: =Lösungen!B14 -> 3 | D15: =PRODUCT(B15,C15) -> 9.9999999 | E15: =Lösungen!C14 -> 3 | F15: =PRODUCT(B15,E15) -> 9.9999999 | G15: =Lösungen!D14 -> 3 | H15: =PRODUCT(B15,G15) -> 9.9999999
A16: Unified Storage: Datei | B16: {=INDEX(Szenarien!B:S, $B$1+2, 14)} -> 3.3333333 | C16: =Lösungen!B15 -> 3 | D16: =PRODUCT(B16,C16) -> 9.9999999 | E16: =Lösungen!C15 -> 3 | F16: =PRODUCT(B16,E16) -> 9.9999999 | G16: =Lösungen!D15 -> 1 | H16: =PRODUCT(B16,G16) -> 3.3333333
A17: Unified Storage: Block | B17: {=INDEX(Szenarien!B:S, $B$1+2, 15)} -> 3.3333333 | C17: =Lösungen!B16 -> 2 | D17: =PRODUCT(B17,C17) -> 6.6666666 | E17: =Lösungen!C16 -> 3 | F17: =PRODUCT(B17,E17) -> 9.9999999 | G17: =Lösungen!D16 -> 1 | H17: =PRODUCT(B17,G17) -> 3.3333333
A18: Unified Storage: Objekt | B18: {=INDEX(Szenarien!B:S, $B$1+2, 16)} -> 3.3333333 | C18: =Lösungen!B17 -> 1 | D18: =PRODUCT(B18,C20) -> 9.9999999 | E18: =Lösungen!C17 -> 3 | F18: =PRODUCT(B18,E20) -> 3.3333333 | G18: =Lösungen!D17 -> 1 | H18: =PRODUCT(B18,G20) -> 6.6666666
A19: Benutzerfreundlichkeit | B19: {=INDEX(Szenarien!B:S, $B$1+2, 17)} -> 10 | C19: =Lösungen!B18 -> 3 | D19: =PRODUCT(B19,C19) -> 30 | E19: =Lösungen!C18 -> 1 | F19: =PRODUCT(B19,E19) -> 10 | G19: =Lösungen!D18 -> 2 | H19: =PRODUCT(B19,G19) -> 20
A20: Automatisierbarkeit | B20: {=INDEX(Szenarien!B:S, $B$1+2, 18)} -> 10 | C20: =Lösungen!B19 -> 3 | D20: =PRODUCT(B20,C20) -> 30 | E20: =Lösungen!C19 -> 1 | F20: =PRODUCT(B20,E20) -> 10 | G20: =Lösungen!D19 -> 2 | H20: =PRODUCT(B20,G20) -> 20
A21: Summe | B21: =SUM(B3:B20) -> 100 | D21: =SUM(D3:D20) -> 256.66667 | F21: =SUM(F3:F20) -> 223.33333 | H21: =SUM(H3:H20) -> 190
A22: Normiert (0-100) | D22: 77.5 | F22: 67.5 | H22: 35
A23: Rang | D23: =1+(F21>D21)+(H21>D21) -> 1 | F23: =1+(D21>F21)+(H21>F21) -> 2 | H23: =1+(D21>H21)+(F21>H21) -> 3
